landowner,stand,site_rep,trt,year,subplot,date,dwd_type,size_cl,decay_cl,char_cl,length_cl
WY,10956,1,BS,2024,1,4/3/2024,S,2,1,2,
WY,10956,1,BS,2024,1,4/3/2024,S,1,1,2,
WY,10956,1,BS,2024,2,4/3/2024,S,1,1,2,
WY,10956,1,BS,2024,3,4/3/2024,L,2,1,2,1
WY,10956,1,BS,2024,3,4/3/2024,L,1,1,2,2
WY,10956,1,BS,2024,3,4/3/2024,S,2,1,2,
WY,10956,1,BS,2024,3,4/3/2024,S,1,1,2,
WY,10956,1,BS,2024,3,4/3/2024,L,2,1,2,3
WY,10956,1,BS,2024,3,4/3/2024,L,1,1,2,1
WY,10956,1,BS,2024,3,4/3/2024,L,1,1,1,3
WY,10956,1,BS,2024,4,4/3/2024,L,2,1,2,3
WY,10956,1,BS,2024,4,4/3/2024,L,1,1,2,3
WY,10956,1,BS,2024,4,4/3/2024,S,2,1,2,
WY,10956,1,BS,2024,4,4/3/2024,L,1,1,2,2
WY,10956,1,BS,2024,4,4/3/2024,L,1,1,2,2
WY,10956,1,BS,2024,5,4/3/2024,L,1,1,2,2
WY,10956,1,BS,2024,5,4/3/2024,S,2,1,2,
WY,10956,1,BS,2024,6,4/3/2024,S,1,1,2,
WY,10956,1,BS,2024,6,4/3/2024,S,1,1,2,
WY,10956,1,BS,2024,6,4/3/2024,L,1,1,2,2
WY,10956,1,BS,2024,6,4/3/2024,L,1,1,2,1
WY,10956,1,BS,2024,6,4/3/2024,L,2,1,2,1
WY,10956,1,BS,2024,6,4/3/2024,L,1,1,3,2
WY,10956,1,BS,2024,7,4/3/2024,S,2,1,2,
WY,10956,1,BS,2024,7,4/3/2024,L,2,1,2,1
WY,10956,1,BS,2024,7,4/3/2024,L,2,1,2,1
WY,10956,1,BS,2024,7,4/3/2024,L,2,1,2,1
WY,10956,1,BS,2024,7,4/3/2024,L,2,1,2,1
WY,10078,1,HB,2024,1,4/3/2024,L,1,1,3,1
WY,10078,1,HB,2024,1,4/3/2024,S,1,1,3,
WY,10078,1,HB,2024,1,4/3/2024,S,2,1,2,
WY,10078,1,HB,2024,1,4/3/2024,S,2,1,3,
WY,10078,1,HB,2024,1,4/3/2024,S,2,1,3,
WY,10078,1,HB,2024,1,4/3/2024,S,1,1,3,
WY,10078,1,HB,2024,1,4/3/2024,S,2,1,2,
WY,10078,1,HB,2024,1,4/3/2024,L,2,1,3,1
WY,10078,1,HB,2024,1,4/3/2024,L,1,1,3,1
WY,10078,1,HB,2024,1,4/3/2024,L,1,1,2,1
WY,10078,1,HB,2024,1,4/3/2024,L,2,1,3,2
WY,10078,1,HB,2024,2,4/3/2024,L,1,1,3,1
WY,10078,1,HB,2024,2,4/3/2024,S,2,1,3,
WY,10078,1,HB,2024,2,4/3/2024,S,2,1,3,
WY,10078,1,HB,2024,2,4/3/2024,S,2,1,2,
WY,10078,1,HB,2024,2,4/3/2024,S,2,1,3,
WY,10078,1,HB,2024,2,4/3/2024,L,1,1,3,3
WY,10078,1,HB,2024,2,4/3/2024,L,2,1,3,2
WY,10078,1,HB,2024,3,4/3/2024,S,1,1,3,
WY,10078,1,HB,2024,3,4/3/2024,S,1,1,2,
WY,10078,1,HB,2024,4,4/3/2024,S,1,1,2,
WY,10078,1,HB,2024,4,4/3/2024,S,2,1,2,
WY,10078,1,HB,2024,4,4/3/2024,S,1,1,2,
WY,10078,1,HB,2024,5,4/3/2024,S,2,1,2,
WY,10078,1,HB,2024,5,4/3/2024,S,1,1,2,
WY,10078,1,HB,2024,6,4/3/2024,S,1,1,3,
WY,10078,1,HB,2024,7,4/3/2024,S,1,1,3,
WY,10078,1,HB,2024,7,4/3/2024,S,2,1,3,
WY,10078,1,HB,2024,7,4/3/2024,S,2,1,3,
WY,10078,1,HB,2024,7,4/3/2024,S,1,1,3,
WY,10078,1,HB,2024,7,4/3/2024,S,2,1,3,
WY,10078,1,HB,2024,7,4/3/2024,S,1,1,3,
BLM,29431,1,UU,2024,2,4/2/2024,L,1,1,1,1
BLM,29431,1,UU,2024,3,4/2/2024,L,2,1,1,2
BLM,29431,1,UU,2024,3,4/2/2024,S,2,1,1,
BLM,29431,1,UU,2024,3,4/2/2024,L,2,1,1,1
BLM,29431,1,UU,2024,3,4/2/2024,L,1,1,1,3
BLM,29431,1,UU,2024,3,4/2/2024,L,1,1,1,2
BLM,29431,1,UU,2024,3,4/2/2024,L,2,1,1,3
BLM,29431,1,UU,2024,3,4/2/2024,S,1,1,1,
BLM,29431,1,UU,2024,3,4/2/2024,S,2,1,1,
BLM,29431,1,UU,2024,4,4/2/2024,L,1,1,1,2
BLM,29431,1,UU,2024,4,4/2/2024,L,2,1,1,3
WY,20550,1,HU,2024,1,4/2/2024,L,1,1,1,1
WY,20550,1,HU,2024,3,4/2/2024,L,1,1,1,3
WY,20550,1,HU,2024,3,4/2/2024,S,2,1,1,
WY,20550,1,HU,2024,3,4/2/2024,S,2,1,1,
WY,20550,1,HU,2024,3,4/2/2024,S,2,1,1,
WY,20550,1,HU,2024,3,4/2/2024,L,1,1,1,2
WY,20550,1,HU,2024,3,4/2/2024,L,1,1,1,1
WY,20550,1,HU,2024,4,4/2/2024,L,2,1,1,1
WY,20550,1,HU,2024,4,4/2/2024,S,2,1,1,
WY,20550,1,HU,2024,5,4/2/2024,S,2,1,1,
WY,20550,1,HU,2024,5,4/2/2024,S,2,1,1,
WY,20550,1,HU,2024,5,4/2/2024,S,1,1,1,
WY,20550,1,HU,2024,6,4/2/2024,S,2,1,1,
WY,20550,1,HU,2024,6,4/2/2024,L,2,1,1,1
WY,20550,1,HU,2024,6,4/2/2024,L,1,1,1,1
WY,20550,1,HU,2024,6,4/2/2024,L,1,1,1,1
WY,20550,1,HU,2024,6,4/2/2024,S,2,1,1,
WY,20550,1,HU,2024,6,4/2/2024,L,1,1,1,2
WY,20550,1,HU,2024,7,4/2/2024,L,1,1,1,1
WY,20550,1,HU,2024,7,4/2/2024,L,1,1,1,2
WY,20550,1,HU,2024,7,4/2/2024,L,1,1,1,1
WY,10506,1,BS,2024,1,3/26/2024,L,1,1,1,3
WY,10506,1,BS,2024,3,3/26/2024,S,1,1,3,
WY,10506,1,BS,2024,3,3/26/2024,L,1,1,2,2
WY,10506,1,BS,2024,4,3/26/2024,S,1,1,3,
WY,10506,1,BS,2024,4,3/26/2024,S,2,1,3,
WY,10506,1,BS,2024,4,3/26/2024,S,1,1,3,
WY,10506,1,BS,2024,4,3/26/2024,S,2,1,3,
WY,10506,1,BS,2024,5,3/26/2024,S,1,1,3,
WY,10506,1,BS,2024,6,3/26/2024,L,1,1,1,1
WY,10506,1,BS,2024,6,3/26/2024,L,2,1,2,1
WY,10506,1,BS,2024,6,3/26/2024,L,2,1,2,1
WY,10506,1,BS,2024,6,3/26/2024,L,2,1,2,1
WY,10506,1,BS,2024,6,3/26/2024,L,1,1,2,1
WY,10506,1,BS,2024,6,3/26/2024,L,1,1,2,1
WY,10506,1,BS,2024,6,3/26/2024,L,2,1,2,1
WY,10506,1,BS,2024,6,3/26/2024,L,2,1,2,1
WY,10506,1,BS,2024,6,3/26/2024,L,1,1,2,1
WY,10506,1,BS,2024,7,3/26/2024,L,2,1,3,2
WY,10506,1,BS,2024,7,3/26/2024,S,2,1,2,
WY,10506,1,BS,2024,7,3/26/2024,L,2,1,2,2
WY,10506,1,BS,2024,7,3/26/2024,L,1,1,2,3
WY,10506,1,BS,2024,7,3/26/2024,S,2,1,2,
WY,10506,1,BS,2024,7,3/26/2024,L,2,1,2,3
WY,10024,1,BS,2024,1,3/26/2024,S,1,1,3,
WY,10024,1,BS,2024,5,3/26/2024,L,1,1,1,1
WY,10024,1,BS,2024,5,3/26/2024,S,2,1,3,
WY,10024,1,BS,2024,6,3/26/2024,L,1,1,1,1
WY,10024,1,BS,2024,6,3/26/2024,L,1,1,1,2
WY,10024,1,BS,2024,6,3/26/2024,L,1,1,1,2
BLM,15562,1,BU,2024,1,4/1/2024,L,1,1,1,3
BLM,15562,1,BU,2024,2,4/1/2024,L,2,1,2,1
BLM,15562,1,BU,2024,2,4/1/2024,L,1,1,2,2
BLM,15562,1,BU,2024,4,4/1/2024,L,1,1,1,3
BLM,15562,1,BU,2024,4,4/1/2024,L,1,1,1,2
BLM,15562,1,BU,2024,4,4/1/2024,L,1,1,1,3
BLM,15562,1,BU,2024,5,4/1/2024,L,1,1,2,3
BLM,15562,1,BU,2024,6,4/1/2024,L,1,1,2,3
BLM,13924,1,UU,2024,3,4/1/2024,L,1,1,1,2
BLM,13924,1,UU,2024,6,4/1/2024,L,1,1,1,3
BLM,13924,1,UU,2024,6,4/1/2024,L,1,1,1,1
BLM,13924,1,UU,2024,7,4/1/2024,L,1,1,1,3
PB,34017,1,HU,2024,1,3/28/2024,S,2,1,1,
PB,34017,1,HU,2024,1,3/28/2024,S,1,1,1,
PB,34017,1,HU,2024,2,3/28/2024,S,2,1,1,
PB,34017,1,HU,2024,2,3/28/2024,S,2,1,1,
PB,34017,1,HU,2024,2,3/28/2024,S,1,1,1,
PB,34017,1,HU,2024,2,3/28/2024,L,1,1,1,2
PB,34017,1,HU,2024,5,3/28/2024,S,2,1,1,
PB,34017,1,HU,2024,5,3/28/2024,L,1,1,1,1
PB,34017,1,HU,2024,7,3/28/2024,S,2,1,1,
PB,34017,1,HU,2024,7,3/28/2024,S,2,1,1,
PB,34017,1,HU,2024,6,3/28/2024,S,2,1,1,
PB,34017,1,HU,2024,6,3/28/2024,S,1,1,1,
PB,34017,1,HU,2024,6,3/28/2024,S,2,1,1,
BLM,29123,1,UU,2024,1,3/27/2024,L,1,1,1,1
BLM,29123,1,UU,2024,1,3/27/2024,L,1,1,1,2
BLM,29123,1,UU,2024,2,3/27/2024,S,2,1,1,
BLM,29123,1,UU,2024,2,3/27/2024,L,2,1,1,3
BLM,29123,1,UU,2024,7,3/27/2024,L,1,1,1,3
BLM,29122,1,UU,2024,3,3/27/2024,L,1,1,1,1
BLM,29122,1,UU,2024,3,3/27/2024,L,1,1,1,1
BLM,29122,1,UU,2024,3,3/27/2024,L,1,1,1,3
BLM,29122,1,UU,2024,3,3/27/2024,L,1,1,1,3
BLM,29122,1,UU,2024,3,3/27/2024,L,1,1,1,1
BLM,29122,1,UU,2024,3,3/27/2024,L,1,1,1,3
BLM,29122,1,UU,2024,7,3/27/2024,L,1,1,1,3
BLM,29122,1,UU,2024,7,3/27/2024,L,1,1,1,2
BLM,29121,1,UU,2024,1,3/25/2024,L,1,1,1,3
BLM,29121,1,UU,2024,2,3/25/2024,L,1,1,1,3
BLM,29121,1,UU,2024,2,3/25/2024,L,2,1,1,3
BLM,29121,1,UU,2024,2,3/25/2024,L,2,1,1,3
BLM,29121,1,UU,2024,2,3/25/2024,L,1,1,1,3
BLM,29121,1,UU,2024,6,3/25/2024,L,1,1,1,3
BLM,29121,1,UU,2024,6,3/25/2024,L,1,1,1,3
WY,20616,1,UU,2024,1,3/21/2024,L,1,1,1,3
WY,20616,1,UU,2024,2,3/21/2024,L,1,1,1,3
WY,20616,1,UU,2024,5,3/21/2024,L,1,1,1,2
WY,20616,1,UU,2024,6,3/21/2024,L,1,1,1,3
ODF,12776,1,BU,2024,2,4/18/2024,S,1,1,3,
ODF,12776,1,BU,2024,3,4/18/2024,L,1,1,2,2
ODF,12776,1,BU,2024,3,4/18/2024,S,1,1,3,
ODF,12560,1,BU,2024,1,4/18/2024,S,1,1,3,
ODF,12560,1,BU,2024,3,4/18/2024,S,1,1,3,
ODF,12560,1,BU,2024,3,4/18/2024,L,1,1,1,3
ODF,12560,1,BU,2024,4,4/18/2024,L,1,1,1,3
ODF,12560,1,BU,2024,6,4/18/2024,S,1,1,2,
ODF,12560,1,BU,2024,7,4/18/2024,S,2,1,2,
BLM,29429,1,UU,2024,3,4/16/2024,S,1,1,1,
BLM,29429,1,UU,2024,3,4/16/2024,S,2,1,1,
BLM,29429,1,UU,2024,4,4/16/2024,L,1,1,1,2
BLM,29429,1,UU,2024,4,4/16/2024,L,1,1,1,2
BLM,29889,1,UU,2024,1,4/16/2024,L,1,1,1,2
BLM,29889,1,UU,2024,1,4/16/2024,S,1,1,1,
BLM,29889,1,UU,2024,1,4/16/2024,S,1,1,1,
BLM,29889,1,UU,2024,3,4/16/2024,L,1,1,1,3
BLM,29889,1,UU,2024,5,4/16/2024,L,1,1,1,3
BLM,29889,1,UU,2024,5,4/16/2024,L,1,1,1,3
BLM,29889,1,UU,2024,7,4/16/2024,L,1,1,1,3
BLM,29889,1,UU,2024,7,4/16/2024,L,1,1,1,3
BLM,29889,1,UU,2024,7,4/16/2024,S,1,1,1,
BLM,29889,1,UU,2024,7,4/16/2024,S,1,1,1,
BLM,29889,1,UU,2024,7,4/16/2024,S,1,1,1,
BLM,29889,1,UU,2024,7,4/16/2024,S,1,1,1,
BLM,29889,1,UU,2024,7,4/16/2024,S,1,1,1,
ODF,12364,1,HB,2024,1,4/15/2024,S,1,1,3,
ODF,12364,1,HB,2024,1,4/15/2024,L,1,1,2,2
ODF,12364,1,HB,2024,1,4/15/2024,S,1,1,2,
ODF,12364,1,HB,2024,1,4/15/2024,S,1,1,2,
ODF,12364,1,HB,2024,1,4/15/2024,S,2,1,3,
ODF,12364,1,HB,2024,1,4/15/2024,S,2,1,2,
ODF,12364,1,HB,2024,2,4/15/2024,S,2,1,2,
ODF,12364,1,HB,2024,2,4/15/2024,S,2,1,2,
ODF,12364,1,HB,2024,2,4/15/2024,S,1,1,2,
ODF,12364,1,HB,2024,2,4/15/2024,S,2,1,2,
ODF,12364,1,HB,2024,2,4/15/2024,S,1,1,2,
ODF,12364,1,HB,2024,2,4/15/2024,S,2,1,2,
ODF,12364,1,HB,2024,2,4/15/2024,S,2,1,2,
ODF,12364,1,HB,2024,7,4/15/2024,S,2,1,3,
ODF,12364,1,HB,2024,7,4/15/2024,S,2,1,3,
ODF,12364,1,HB,2024,7,4/15/2024,S,1,1,3,
ODF,12362,1,HB,2024,1,4/15/2024,S,1,1,3,
ODF,12362,1,HB,2024,3,4/15/2024,S,1,1,2,
ODF,12362,1,HB,2024,3,4/15/2024,S,2,1,2,
ODF,12362,1,HB,2024,3,4/15/2024,S,2,1,2,
ODF,12362,1,HB,2024,3,4/15/2024,S,1,1,2,
ODF,12362,1,HB,2024,3,4/15/2024,L,1,1,2,1
ODF,12362,1,HB,2024,4,4/15/2024,L,1,1,3,2
ODF,12362,1,HB,2024,5,4/15/2024,S,2,1,2,
ODF,12362,1,HB,2024,5,4/15/2024,L,2,1,2,3
ODF,12362,1,HB,2024,5,4/15/2024,S,1,1,2,
ODF,12362,1,HB,2024,6,4/15/2024,S,1,1,3,
BLM,12239,1,UU,2024,5,4/11/2024,L,1,1,1,3
BLM,12213,1,UU,2024,2,4/11/2024,L,1,1,1,3
BLM,12213,1,UU,2024,4,4/11/2024,L,1,1,1,3
BLM,12213,1,UU,2024,4,4/11/2024,L,1,1,1,2
WY,10467,1,HB,2024,1,4/9/2024,S,2,1,3,
WY,10467,1,HB,2024,3,4/9/2024,L,1,1,2,1
WY,10467,1,HB,2024,3,4/9/2024,L,1,1,3,3
WY,10467,1,HB,2024,3,4/9/2024,S,1,1,2,
WY,10467,1,HB,2024,3,4/9/2024,S,1,1,2,
WY,10467,1,HB,2024,4,4/9/2024,L,1,1,3,3
WY,10467,1,HB,2024,4,4/9/2024,S,2,1,2,
WY,10467,1,HB,2024,4,4/9/2024,S,2,1,2,
WY,10467,1,HB,2024,5,4/9/2024,L,1,1,3,1
WY,10467,1,HB,2024,5,4/9/2024,S,2,1,2,
WY,10467,1,HB,2024,5,4/9/2024,L,1,1,2,2
WY,10467,1,HB,2024,5,4/9/2024,S,2,1,2,
WY,10467,1,HB,2024,6,4/9/2024,S,2,1,3,
WY,10467,1,HB,2024,6,4/9/2024,S,1,1,3,
WY,10422.1,1,BS,2024,1,4/9/2024,S,1,1,2,
WY,10422.1,1,BS,2024,1,4/9/2024,S,2,1,2,
WY,10422.1,1,BS,2024,1,4/9/2024,S,1,1,2,
WY,10422.1,1,BS,2024,1,4/9/2024,L,1,1,2,1
WY,10422.1,1,BS,2024,1,4/9/2024,L,1,1,2,1
WY,10422.1,1,BS,2024,1,4/9/2024,L,1,1,1,3
WY,10422.1,1,BS,2024,2,4/9/2024,L,2,1,2,3
WY,10422.1,1,BS,2024,2,4/9/2024,L,2,1,2,1
WY,10422.1,1,BS,2024,2,4/9/2024,S,1,1,2,
WY,10422.1,1,BS,2024,2,4/9/2024,S,1,1,2,
WY,10422.1,1,BS,2024,2,4/9/2024,L,1,1,2,2
WY,10422.1,1,BS,2024,3,4/9/2024,L,1,1,2,3
WY,10422.1,1,BS,2024,4,4/9/2024,S,2,1,3,
WY,10422.1,1,BS,2024,4,4/9/2024,S,2,1,2,
WY,10422.1,1,BS,2024,4,4/9/2024,S,2,1,3,
WY,10422.1,1,BS,2024,6,4/9/2024,S,2,1,2,
WY,10422.1,1,BS,2024,6,4/9/2024,S,2,1,2,
WY,10422.1,1,BS,2024,7,4/9/2024,S,1,1,2,
WY,10422.1,1,BS,2024,7,4/9/2024,S,2,1,3,
WY,10463,1,BS,2024,1,4/9/2024,L,1,1,2,3
WY,10463,1,BS,2024,2,4/9/2024,S,2,1,2,
WY,10463,1,BS,2024,2,4/9/2024,L,1,1,2,2
WY,10463,1,BS,2024,2,4/9/2024,S,2,1,3,
WY,10463,1,BS,2024,2,4/9/2024,L,1,1,2,2
WY,10463,1,BS,2024,3,4/9/2024,L,1,1,1,2
WY,10463,1,BS,2024,3,4/9/2024,S,1,1,2,
WY,10463,1,BS,2024,3,4/9/2024,S,1,1,2,
WY,10463,1,BS,2024,4,4/9/2024,L,1,1,2,2
WY,10463,1,BS,2024,6,4/9/2024,L,2,1,2,1
WY,10463,1,BS,2024,6,4/9/2024,L,1,1,2,2
WY,10463,1,BS,2024,6,4/9/2024,S,1,1,2,
WY,10463,1,BS,2024,6,4/9/2024,S,2,1,2,
WY,10463,1,BS,2024,6,4/9/2024,S,1,1,2,
WY,10463,1,BS,2024,7,4/9/2024,L,1,1,2,1
WY,10463,1,BS,2024,7,4/9/2024,L,1,1,1,1
WY,10463,1,BS,2024,7,4/9/2024,L,1,1,1,2
WY,10463,1,BS,2024,7,4/9/2024,L,1,1,2,2
WY,10463,1,BS,2024,7,4/9/2024,S,2,1,2,
PB,408178.1,1,BS,2024,4,4/10/2024,S,2,1,3,
PB,408178.1,1,BS,2024,5,4/10/2024,S,1,1,3,
PB,408178.1,1,BS,2024,5,4/10/2024,S,1,1,2,
PB,408178.1,1,BS,2024,5,4/10/2024,L,1,1,2,3
PB,408178.1,1,BS,2024,6,4/10/2024,S,2,1,2,
PB,408178.1,1,BS,2024,6,4/10/2024,S,1,1,2,
PB,408178.1,1,BS,2024,6,4/10/2024,S,1,1,2,
PB,408178.1,1,BS,2024,6,4/10/2024,S,2,1,2,
PB,408178.1,1,BS,2024,6,4/10/2024,S,1,1,2,
PB,408178.1,1,BS,2024,6,4/10/2024,S,1,1,2,
PB,408178.1,1,BS,2024,7,4/10/2024,S,2,1,2,
PB,408178.1,1,BS,2024,7,4/10/2024,L,2,1,2,3
PB,408178.2,2,HB,2024,1,4/10/2024,S,2,1,2,
PB,408178.2,2,HB,2024,1,4/10/2024,S,1,1,2,
PB,408178.2,2,HB,2024,1,4/10/2024,S,2,1,2,
PB,408178.2,2,HB,2024,2,4/10/2024,L,2,1,2,1
PB,408178.2,2,HB,2024,2,4/10/2024,L,1,1,2,1
PB,408178.2,2,HB,2024,2,4/10/2024,L,2,1,2,2
PB,408178.2,2,HB,2024,2,4/10/2024,S,2,1,2,
PB,408178.2,2,HB,2024,2,4/10/2024,S,2,1,2,
PB,408178.2,2,HB,2024,6,4/10/2024,S,2,1,2,
PB,408178.2,2,HB,2024,7,4/10/2024,L,1,1,2,3
PB,9757,1,BU,2024,3,4/10/2024,L,2,1,1,3
PB,9757,1,BU,2024,3,4/10/2024,L,1,1,2,2
PB,9757,1,BU,2024,4,4/10/2024,L,1,1,2,3
PB,9757,1,BU,2024,6,4/10/2024,L,1,1,3,3
PB,9757,1,BU,2024,6,4/10/2024,L,2,1,1,3
PB,9757,1,BU,2024,7,4/10/2024,L,1,1,1,3
PB,33810,1,HU,2024,1,4/25/2024,S,1,1,1,
PB,33810,1,HU,2024,1,4/25/2024,S,1,1,1,
PB,33810,1,HU,2024,1,4/25/2024,S,2,1,1,
PB,33810,1,HU,2024,2,4/25/2024,S,1,1,1,
PB,33810,1,HU,2024,2,4/25/2024,S,1,1,1,
PB,33810,1,HU,2024,2,4/25/2024,S,1,1,1,
PB,33810,1,HU,2024,3,4/25/2024,S,1,1,1,
PB,33810,1,HU,2024,3,4/25/2024,L,2,1,1,3
PB,33810,1,HU,2024,3,4/25/2024,S,1,1,1,
PB,33810,1,HU,2024,4,4/25/2024,S,2,1,1,
PB,33810,1,HU,2024,4,4/25/2024,S,2,1,1,
PB,33810,1,HU,2024,4,4/25/2024,S,2,1,1,
PB,33810,1,HU,2024,4,4/25/2024,S,2,1,1,
PB,33810,1,HU,2024,4,4/25/2024,S,2,1,1,
PB,33810,1,HU,2024,4,4/25/2024,S,1,1,1,
PB,33810,1,HU,2024,4,4/25/2024,S,1,1,1,
PB,33810,1,HU,2024,5,4/25/2024,L,1,1,1,3
PB,33810,1,HU,2024,5,4/25/2024,L,1,1,1,3
PB,33810,1,HU,2024,5,4/25/2024,S,2,1,1,
PB,33810,1,HU,2024,6,4/25/2024,S,1,1,1,
PB,33810,1,HU,2024,6,4/25/2024,S,1,1,1,
PB,33810,1,HU,2024,6,4/25/2024,S,1,1,1,
PB,33810,1,HU,2024,6,4/25/2024,L,1,1,1,
PB,33810,1,HU,2024,7,4/25/2024,S,1,1,1,
PB,33810,1,HU,2024,7,4/25/2024,S,1,1,1,
PB,33810,1,HU,2024,7,4/25/2024,S,1,1,1,
PB,33810,1,HU,2024,7,4/25/2024,S,1,1,1,
PB,33810,1,HU,2024,7,4/25/2024,S,1,1,1,
PB,408162,1,HU,2024,1,4/24/2024,S,2,1,1,
PB,408162,1,HU,2024,1,4/24/2024,S,2,1,1,
PB,408162,1,HU,2024,1,4/24/2024,S,1,1,1,
PB,408162,1,HU,2024,1,4/24/2024,S,1,1,1,
PB,408162,1,HU,2024,1,4/24/2024,S,2,1,1,
PB,408162,1,HU,2024,1,4/24/2024,L,1,1,1,3
PB,408162,1,HU,2024,2,4/24/2024,S,1,1,1,
PB,408162,1,HU,2024,2,4/24/2024,S,1,1,1,
PB,408162,1,HU,2024,2,4/24/2024,S,1,1,1,
PB,408162,1,HU,2024,2,4/24/2024,S,1,1,1,
PB,408162,1,HU,2024,2,4/24/2024,L,1,1,1,1
PB,408162,1,HU,2024,2,4/24/2024,L,1,1,1,2
PB,408162,1,HU,2024,2,4/24/2024,L,1,1,1,1
PB,408162,1,HU,2024,3,4/24/2024,S,2,1,1,
PB,408162,1,HU,2024,3,4/24/2024,S,2,1,1,
PB,408162,1,HU,2024,3,4/24/2024,S,1,1,1,
PB,408162,1,HU,2024,3,4/24/2024,S,1,1,1,
PB,408162,1,HU,2024,3,4/24/2024,L,1,1,1,2
PB,408162,1,HU,2024,3,4/24/2024,L,1,1,1,3
PB,408162,1,HU,2024,4,4/24/2024,S,2,1,1,
PB,408162,1,HU,2024,4,4/24/2024,S,2,1,1,
PB,408162,1,HU,2024,4,4/24/2024,S,1,1,1,
PB,408162,1,HU,2024,4,4/24/2024,S,1,1,1,
PB,408162,1,HU,2024,4,4/24/2024,S,1,1,1,
PB,408162,1,HU,2024,5,4/24/2024,S,1,1,1,
PB,408162,1,HU,2024,5,4/24/2024,S,1,1,1,
PB,408162,1,HU,2024,5,4/24/2024,S,1,1,1,
PB,408162,1,HU,2024,5,4/24/2024,L,1,1,1,3
PB,408162,1,HU,2024,6,4/24/2024,S,2,1,1,
PB,408162,1,HU,2024,6,4/24/2024,S,2,1,1,
PB,408162,1,HU,2024,6,4/24/2024,S,2,1,1,
PB,408162,1,HU,2024,6,4/24/2024,L,1,1,1,3
PB,408162,1,HU,2024,7,4/24/2024,S,1,1,1,
PB,408162,1,HU,2024,7,4/24/2024,S,1,1,1,
BLM,10302,1,UU,2024,5,4/24/2024,L,1,1,1,3
BLM,10302,1,UU,2024,7,4/24/2024,L,1,1,1,3
PB,33628,1,HB,2024,4,4/23/2024,S,1,1,3,
PB,33628,1,HB,2024,4,4/23/2024,S,1,1,3,
PB,33628,1,HB,2024,5,4/23/2024,S,2,1,2,
PB,33628,1,HB,2024,5,4/23/2024,S,1,1,2,
PB,33628,1,HB,2024,5,4/23/2024,S,2,1,2,
PB,33628,1,HB,2024,5,4/23/2024,L,2,1,2,1
PB,33628,1,HB,2024,6,4/23/2024,S,1,1,3,
PB,33628,1,HB,2024,6,4/23/2024,S,2,1,2,
PB,33628,1,HB,2024,6,4/23/2024,L,1,1,3,1
PB,33628,1,HB,2024,6,4/23/2024,L,1,1,2,2
PB,33628,1,HB,2024,7,4/23/2024,S,1,1,2,
PB,33628,1,HB,2024,7,4/23/2024,S,1,1,2,
PB,33628,1,HB,2024,7,4/23/2024,S,1,1,2,
PB,33651,1,HB,2024,1,4/23/2024,L,1,1,2,
PB,33651,1,HB,2024,1,4/23/2024,L,2,1,2,
PB,33651,1,HB,2024,1,4/23/2024,S,1,1,2,
PB,33651,1,HB,2024,1,4/23/2024,S,2,1,3,
PB,33651,1,HB,2024,1,4/23/2024,S,1,1,3,
PB,33651,1,HB,2024,1,4/23/2024,S,1,1,2,
PB,33651,1,HB,2024,2,4/23/2024,S,1,1,2,
PB,33651,1,HB,2024,2,4/23/2024,S,2,1,2,
PB,33651,1,HB,2024,2,4/23/2024,S,1,1,2,
PB,33651,1,HB,2024,2,4/23/2024,S,1,1,2,
PB,33651,1,HB,2024,2,4/23/2024,S,2,1,2,
PB,33651,1,HB,2024,2,4/23/2024,S,1,1,2,
PB,33651,1,HB,2024,2,4/23/2024,S,1,1,2,
PB,33651,1,HB,2024,3,4/23/2024,S,1,1,3,
PB,33651,1,HB,2024,3,4/23/2024,S,1,1,3,
PB,33651,1,HB,2024,4,4/23/2024,L,1,1,3,2
PB,33651,1,HB,2024,4,4/23/2024,S,2,1,2,
PB,33651,1,HB,2024,4,4/23/2024,S,1,1,2,
PB,33651,1,HB,2024,4,4/23/2024,S,2,1,3,
PB,33651,1,HB,2024,4,4/23/2024,S,1,1,3,
PB,33651,1,HB,2024,6,4/23/2024,S,1,1,2,
PB,408180,1,HB,2024,1,4/23/2024,S,1,1,3,
PB,408180,1,HB,2024,1,4/23/2024,S,1,1,3,
PB,408180,1,HB,2024,2,4/23/2024,S,1,1,3,
PB,408180,1,HB,2024,3,4/23/2024,S,1,1,2,
PB,408180,1,HB,2024,3,4/23/2024,S,1,1,2,
PB,408180,1,HB,2024,3,4/23/2024,S,1,1,2,
PB,408180,1,HB,2024,3,4/23/2024,L,2,1,2,1
PB,408180,1,HB,2024,4,4/23/2024,S,2,1,2,
PB,33689,1,HU,2024,1,4/22/2024,S,1,1,1,
PB,33689,1,HU,2024,1,4/22/2024,S,1,1,1,
PB,33689,1,HU,2024,1,4/22/2024,S,1,1,1,
PB,33689,1,HU,2024,1,4/22/2024,S,1,1,1,
PB,33689,1,HU,2024,2,4/22/2024,S,1,1,1,
PB,33689,1,HU,2024,2,4/22/2024,S,2,1,1,
PB,33689,1,HU,2024,2,4/22/2024,S,1,1,1,
PB,33689,1,HU,2024,2,4/22/2024,S,1,1,1,
PB,33689,1,HU,2024,2,4/22/2024,S,2,1,1,
PB,33689,1,HU,2024,2,4/22/2024,L,1,1,1,3
PB,33689,1,HU,2024,3,4/22/2024,S,1,1,1,
PB,33689,1,HU,2024,3,4/22/2024,S,1,1,1,
PB,33689,1,HU,2024,3,4/22/2024,S,1,1,1,
PB,33689,1,HU,2024,3,4/22/2024,S,1,1,1,
PB,33689,1,HU,2024,3,4/22/2024,S,1,1,1,
PB,33689,1,HU,2024,3,4/22/2024,S,1,1,1,
PB,33689,1,HU,2024,3,4/22/2024,S,1,1,1,
PB,33689,1,HU,2024,3,4/22/2024,S,1,1,1,
PB,33689,1,HU,2024,4,4/22/2024,L,1,1,1,1
PB,33689,1,HU,2024,4,4/22/2024,S,1,1,1,
PB,33689,1,HU,2024,4,4/22/2024,S,1,1,1,
PB,33689,1,HU,2024,4,4/22/2024,S,1,1,1,
PB,33689,1,HU,2024,4,4/22/2024,S,1,1,1,
PB,33689,1,HU,2024,4,4/22/2024,S,1,1,1,
PB,33689,1,HU,2024,4,4/22/2024,S,1,1,1,
PB,33689,1,HU,2024,4,4/22/2024,S,1,1,1,
PB,33689,1,HU,2024,4,4/22/2024,S,1,1,1,
PB,33689,1,HU,2024,5,4/22/2024,L,1,1,1,2
PB,33689,1,HU,2024,5,4/22/2024,L,1,1,1,3
PB,33689,1,HU,2024,5,4/22/2024,L,1,1,1,1
PB,33689,1,HU,2024,5,4/22/2024,S,1,1,1,
PB,33689,1,HU,2024,5,4/22/2024,S,2,1,1,
PB,33689,1,HU,2024,5,4/22/2024,S,1,1,1,
PB,33689,1,HU,2024,5,4/22/2024,S,1,1,1,
PB,33689,1,HU,2024,5,4/22/2024,S,1,1,1,
PB,33689,1,HU,2024,6,4/22/2024,S,2,1,1,
PB,33689,1,HU,2024,6,4/22/2024,S,2,1,1,
PB,33689,1,HU,2024,6,4/22/2024,L,2,1,1,1
PB,33689,1,HU,2024,6,4/22/2024,L,1,1,1,1
PB,33689,1,HU,2024,6,4/22/2024,L,1,1,1,1
PB,33689,1,HU,2024,6,4/22/2024,L,1,1,1,1
PB,33689,1,HU,2024,6,4/22/2024,L,2,1,1,1
PB,33689,1,HU,2024,7,4/22/2024,S,2,1,1,
PB,33689,1,HU,2024,7,4/22/2024,S,1,1,1,
PB,33689,1,HU,2024,7,4/22/2024,S,2,1,1,
PB,33689,1,HU,2024,7,4/22/2024,S,1,1,1,
PB,33689,1,HU,2024,7,4/22/2024,S,1,1,1,
PB,33689,1,HU,2024,7,4/22/2024,S,2,1,1,
PB,33689,1,HU,2024,7,4/22/2024,L,2,1,1,2
PB,33689,1,HU,2024,7,4/22/2024,L,1,1,1,3
PB,34007,1,HB,2024,1,4/22/2024,L,1,1,3,2
PB,34007,1,HB,2024,1,4/22/2024,S,1,1,2,
PB,34007,1,HB,2024,1,4/22/2024,S,1,1,2,
PB,34007,1,HB,2024,1,4/22/2024,S,1,1,2,
PB,34007,1,HB,2024,1,4/22/2024,S,1,1,3,
PB,34007,1,HB,2024,1,4/22/2024,S,1,1,2,
PB,34007,1,HB,2024,2,4/22/2024,S,2,1,2,
PB,34007,1,HB,2024,2,4/22/2024,S,1,1,2,
PB,34007,1,HB,2024,6,4/22/2024,S,1,1,3,
WY,20053,1,HU,2024,1,5/1/2024,S,1,1,1,
WY,20053,1,HU,2024,1,5/1/2024,S,1,1,1,
WY,20053,1,HU,2024,1,5/1/2024,L,1,1,1,2
WY,20053,1,HU,2024,2,5/1/2024,S,2,1,1,
WY,20053,1,HU,2024,2,5/1/2024,S,2,1,1,
WY,20053,1,HU,2024,2,5/1/2024,S,1,1,1,
WY,20053,1,HU,2024,2,5/1/2024,S,2,1,1,
WY,20053,1,HU,2024,2,5/1/2024,L,2,1,1,2
WY,20053,1,HU,2024,2,5/1/2024,L,1,1,1,2
WY,20053,1,HU,2024,2,5/1/2024,L,1,1,1,1
WY,20053,1,HU,2024,3,5/1/2024,S,1,1,1,
WY,20053,1,HU,2024,3,5/1/2024,S,1,1,1,
WY,20053,1,HU,2024,3,5/1/2024,S,1,1,1,
WY,20053,1,HU,2024,3,5/1/2024,S,1,1,1,
WY,20053,1,HU,2024,4,5/1/2024,S,1,1,1,
WY,20053,1,HU,2024,4,5/1/2024,S,1,1,1,
WY,20053,1,HU,2024,5,5/1/2024,L,1,1,1,2
WY,20053,1,HU,2024,5,5/1/2024,L,1,1,1,3
WY,20053,1,HU,2024,5,5/1/2024,S,1,1,1,
WY,20053,1,HU,2024,6,5/1/2024,S,2,1,1,
WY,20053,1,HU,2024,6,5/1/2024,S,1,1,1,
WY,20053,1,HU,2024,6,5/1/2024,S,1,1,1,
WY,20053,1,HU,2024,6,5/1/2024,L,1,1,1,2
WY,20053,1,HU,2024,6,5/1/2024,L,1,1,1,1
WY,20053,1,HU,2024,7,5/1/2024,S,2,1,1,
WY,20053,1,HU,2024,7,5/1/2024,S,1,1,1,
WY,20053,1,HU,2024,7,5/1/2024,S,1,1,1,
WY,20053,1,HU,2024,7,5/1/2024,L,1,1,1,2
WY,20053,1,HU,2024,7,5/1/2024,L,2,1,1,1
WY,20039,1,HU,2024,1,5/1/2024,S,1,1,1,
WY,20039,1,HU,2024,1,5/1/2024,S,1,1,1,
WY,20039,1,HU,2024,1,5/1/2024,S,1,1,1,
WY,20039,1,HU,2024,1,5/1/2024,S,1,1,1,
WY,20039,1,HU,2024,1,5/1/2024,S,1,1,1,
WY,20039,1,HU,2024,2,5/1/2024,S,1,1,1,
WY,20039,1,HU,2024,2,5/1/2024,S,1,1,1,
WY,20039,1,HU,2024,2,5/1/2024,S,1,1,1,
WY,20039,1,HU,2024,3,5/1/2024,S,2,1,1,
WY,20039,1,HU,2024,3,5/1/2024,S,2,1,1,
WY,20039,1,HU,2024,3,5/1/2024,L,1,1,1,1
WY,20039,1,HU,2024,3,5/1/2024,L,1,1,1,3
WY,20039,1,HU,2024,3,5/1/2024,L,2,1,1,1
WY,20039,1,HU,2024,3,5/1/2024,L,2,1,1,1
WY,20039,1,HU,2024,4,5/1/2024,S,2,1,1,
WY,20039,1,HU,2024,4,5/1/2024,S,2,1,1,
WY,20039,1,HU,2024,4,5/1/2024,S,1,1,1,
WY,20039,1,HU,2024,4,5/1/2024,L,1,1,1,3
WY,20039,1,HU,2024,4,5/1/2024,L,1,1,1,2
WY,20039,1,HU,2024,5,5/1/2024,S,2,1,1,
WY,20039,1,HU,2024,5,5/1/2024,S,2,1,1,
WY,20039,1,HU,2024,5,5/1/2024,S,2,1,1,
WY,20039,1,HU,2024,5,5/1/2024,S,1,1,1,
WY,20039,1,HU,2024,5,5/1/2024,S,1,1,1,
WY,20039,1,HU,2024,5,5/1/2024,S,1,1,1,
WY,20039,1,HU,2024,5,5/1/2024,S,1,1,1,
WY,20039,1,HU,2024,5,5/1/2024,S,1,1,1,
WY,20039,1,HU,2024,5,5/1/2024,L,1,1,1,1
WY,20039,1,HU,2024,5,5/1/2024,L,1,1,1,1
WY,20039,1,HU,2024,6,5/1/2024,S,2,1,1,
WY,20039,1,HU,2024,6,5/1/2024,S,1,1,1,
WY,20039,1,HU,2024,6,5/1/2024,S,1,1,1,
WY,20039,1,HU,2024,6,5/1/2024,S,1,1,1,
WY,20039,1,HU,2024,6,5/1/2024,S,1,1,1,
WY,20039,1,HU,2024,6,5/1/2024,S,1,1,1,
WY,20039,1,HU,2024,7,5/1/2024,S,1,1,1,
WY,20039,1,HU,2024,7,5/1/2024,S,1,1,1,
WY,20039,1,HU,2024,7,5/1/2024,S,1,1,1,
WY,20039,1,HU,2024,7,5/1/2024,S,1,1,1,
WY,20039,1,HU,2024,7,5/1/2024,S,2,1,1,
WY,20039,1,HU,2024,7,5/1/2024,S,2,1,1,
WY,20039,1,HU,2024,7,5/1/2024,S,1,1,1,
WY,20039,1,HU,2024,7,5/1/2024,L,1,1,1,2
ODF,12806,1,BU,2024,2,5/2/2024,L,1,1,3,3
ODF,12806,1,BU,2024,3,5/2/2024,L,1,1,2,1
ODF,12806,1,BU,2024,4,5/2/2024,S,1,1,3,
ODF,12806,1,BU,2024,5,5/2/2024,S,1,1,2,
ODF,12806,1,BU,2024,5,5/2/2024,L,1,1,2,3
ODF,12806,1,BU,2024,5,5/2/2024,L,1,1,2,2
ODF,12806,1,BU,2024,6,5/2/2024,S,2,1,2,
ODF,12806,1,BU,2024,7,5/2/2024,L,1,1,2,3
ODF,12349,1,BU,2024,2,5/2/2024,L,1,1,2,3
ODF,12349,1,BU,2024,3,5/2/2024,S,2,1,3,
ODF,12349,1,BU,2024,3,5/2/2024,S,2,1,3,
ODF,12349,1,BU,2024,3,5/2/2024,S,2,1,3,
ODF,12349,1,BU,2024,3,5/2/2024,L,1,1,2,3
ODF,12349,1,BU,2024,3,5/2/2024,L,1,1,2,3
ODF,12805,1,BU,2024,1,4/30/2024,S,1,1,3,
ODF,12805,1,BU,2024,2,4/30/2024,L,1,1,1,3
ODF,12805,1,BU,2024,2,4/30/2024,S,1,1,3,
ODF,12805,1,BU,2024,3,4/30/2024,S,2,1,3,
ODF,12805,1,BU,2024,3,4/30/2024,S,2,1,3,
ODF,12805,1,BU,2024,3,4/30/2024,S,1,1,2,
ODF,12805,1,BU,2024,3,4/30/2024,L,1,1,2,1
ODF,12805,1,BU,2024,4,4/30/2024,S,1,1,2,
ODF,12805,1,BU,2024,5,4/30/2024,S,1,1,2,
ODF,12805,1,BU,2024,5,4/30/2024,S,2,1,3,
ODF,12805,1,BU,2024,5,4/30/2024,L,1,1,2,1
ODF,12805,1,BU,2024,5,4/30/2024,S,2,1,2,
ODF,12805,1,BU,2024,6,4/30/2024,L,1,1,2,3
ODF,12805,1,BU,2024,6,4/30/2024,S,1,1,3,
ODF,12805,1,BU,2024,7,4/30/2024,L,1,1,2,1
ODF,12805,1,BU,2024,7,4/30/2024,L,1,1,2,1
ODF,12804,1,BU,2024,1,4/30/2024,L,1,1,2,3
ODF,12804,1,BU,2024,3,4/30/2024,L,2,1,2,3
ODF,12804,1,BU,2024,3,4/30/2024,L,1,1,1,3
ODF,12804,1,BU,2024,4,4/30/2024,L,1,1,2,3
ODF,12804,1,BU,2024,5,4/30/2024,L,1,1,1,2
ODF,12804,1,BU,2024,5,4/30/2024,L,1,1,2,1
ODF,12804,1,BU,2024,6,4/30/2024,L,1,1,3,3
ODF,12804,1,BU,2024,7,4/30/2024,L,1,1,2,3
ODF,12804,1,BU,2024,7,4/30/2024,L,1,1,2,2
ODF,12033,1,BU,2024,1,5/13/2024,S,2,1,2,
ODF,12033,1,BU,2024,1,5/13/2024,S,2,1,2,
ODF,12033,1,BU,2024,1,5/13/2024,S,2,1,2,
ODF,12033,1,BU,2024,1,5/13/2024,S,1,1,2,
ODF,12033,1,BU,2024,3,5/13/2024,L,1,1,2,3
ODF,12033,1,BU,2024,3,5/13/2024,S,1,1,3,
ODF,12033,1,BU,2024,4,5/13/2024,S,1,1,3,
ODF,12033,1,BU,2024,6,5/13/2024,S,2,1,2,
ODF,12033,1,BU,2024,6,5/13/2024,L,1,1,1,3
ODF,12033,1,BU,2024,6,5/13/2024,L,1,1,1,3
ODF,12033,1,BU,2024,6,5/13/2024,L,1,1,2,3
ODF,12033,1,BU,2024,7,5/13/2024,L,1,1,2,1
ODF,12033,1,BU,2024,7,5/13/2024,L,1,1,2,3
ODF,12033,1,BU,2024,7,5/13/2024,L,1,1,1,3
ODF,12033,1,BU,2024,7,5/13/2024,S,1,1,2,
ODF,12421,1,BU,2024,1,5/14/2024,L,1,1,2,3
ODF,12421,1,BU,2024,1,5/14/2024,L,1,1,3,3
ODF,12421,1,BU,2024,2,5/14/2024,L,1,1,3,3
ODF,12421,1,BU,2024,3,5/14/2024,L,1,1,2,3
ODF,12421,1,BU,2024,5,5/14/2024,L,2,1,2,3
ODF,12421,1,BU,2024,6,5/14/2024,L,1,1,2,2
ODF,12421,1,BU,2024,6,5/14/2024,L,2,1,2,3
ODF,12421,1,BU,2024,7,5/14/2024,L,2,1,1,1
ODF,12421,1,BU,2024,7,5/14/2024,L,2,1,1,1
ODF,12421,1,BU,2024,7,5/14/2024,L,2,1,1,1
ODF,12441,1,BU,2024,2,5/14/2024,L,1,1,2,1
ODF,12441,1,BU,2024,2,5/14/2024,L,1,1,2,2
ODF,12441,1,BU,2024,3,5/14/2024,L,2,1,2,3
ODF,12441,1,BU,2024,5,5/14/2024,L,1,1,2,3
ODF,12441,1,BU,2024,6,5/14/2024,S,1,1,3,
WY,10403,1,BS,2024,1,5/15/2024,S,1,1,2,
WY,10403,1,BS,2024,1,5/15/2024,S,1,1,3,
WY,10403,1,BS,2024,2,5/15/2024,S,2,1,2,
WY,10403,1,BS,2024,3,5/15/2024,S,2,1,3,
WY,10403,1,BS,2024,3,5/15/2024,S,2,1,3,
WY,10403,1,BS,2024,3,5/15/2024,S,2,1,3,
WY,10403,1,BS,2024,3,5/15/2024,S,1,1,2,
WY,10403,1,BS,2024,3,5/15/2024,S,2,1,3,
WY,10403,1,BS,2024,3,5/15/2024,L,1,1,2,1
WY,10403,1,BS,2024,4,5/15/2024,S,2,1,2,
WY,10403,1,BS,2024,4,5/15/2024,S,2,1,3,
WY,10403,1,BS,2024,4,5/15/2024,S,2,1,3,
WY,10403,1,BS,2024,4,5/15/2024,S,1,1,3,
WY,10403,1,BS,2024,4,5/15/2024,L,1,1,2,3
WY,10403,1,BS,2024,5,5/15/2024,S,2,1,2,
WY,10403,1,BS,2024,5,5/15/2024,S,2,1,2,
WY,10403,1,BS,2024,5,5/15/2024,S,2,1,2,
WY,10403,1,BS,2024,5,5/15/2024,S,1,1,2,
WY,10403,1,BS,2024,5,5/15/2024,S,1,1,2,
WY,10403,1,BS,2024,6,5/15/2024,S,1,1,2,
WY,10403,1,BS,2024,6,5/15/2024,S,2,1,2,
WY,10403,1,BS,2024,6,5/15/2024,S,2,1,2,
WY,10403,1,BS,2024,6,5/15/2024,L,2,1,1,2
WY,10403,1,BS,2024,7,5/15/2024,S,1,1,2,
WY,10403,1,BS,2024,7,5/15/2024,S,1,1,2,
WY,10403,1,BS,2024,7,5/15/2024,S,1,1,2,
WY,10403,1,BS,2024,7,5/15/2024,S,1,1,2,
WY,10403,1,BS,2024,7,5/15/2024,S,1,1,2,
WY,10444,1,HU,2024,1,5/15/2024,S,1,1,1,
WY,10444,1,HU,2024,1,5/15/2024,S,1,1,1,
WY,10444,1,HU,2024,2,5/15/2024,S,1,1,1,
WY,10444,1,HU,2024,2,5/15/2024,S,2,1,1,
WY,10444,1,HU,2024,2,5/15/2024,S,1,1,1,
WY,10444,1,HU,2024,2,5/15/2024,S,2,1,1,
WY,10444,1,HU,2024,2,5/15/2024,S,2,1,1,
WY,10444,1,HU,2024,3,5/15/2024,S,2,1,1,
WY,10444,1,HU,2024,3,5/15/2024,S,1,1,1,
WY,10444,1,HU,2024,3,5/15/2024,S,2,1,1,
WY,10444,1,HU,2024,3,5/15/2024,S,1,1,1,
WY,10444,1,HU,2024,3,5/15/2024,S,1,1,1,
WY,10444,1,HU,2024,3,5/15/2024,S,1,1,1,
WY,10444,1,HU,2024,4,5/15/2024,L,1,1,1,1
WY,10444,1,HU,2024,4,5/15/2024,S,2,1,1,
WY,10444,1,HU,2024,4,5/15/2024,S,2,1,1,
WY,10444,1,HU,2024,4,5/15/2024,S,2,1,1,
WY,10444,1,HU,2024,4,5/15/2024,S,1,1,1,
WY,10444,1,HU,2024,4,5/15/2024,S,1,1,1,
WY,10444,1,HU,2024,4,5/15/2024,S,1,1,1,
WY,10444,1,HU,2024,5,5/15/2024,S,1,1,2,
WY,10444,1,HU,2024,5,5/15/2024,L,1,1,1,1
WY,10444,1,HU,2024,6,5/15/2024,L,1,1,1,2
WY,10444,1,HU,2024,6,5/15/2024,L,1,1,1,3
WY,10444,1,HU,2024,6,5/15/2024,L,1,1,1,2
WY,10444,1,HU,2024,7,5/15/2024,S,1,1,1,
WY,10444,1,HU,2024,7,5/15/2024,S,1,1,1,
WY,10444,1,HU,2024,7,5/15/2024,S,1,1,1,
WY,10444,1,HU,2024,7,5/15/2024,L,2,1,1,3
WY,10444,1,HU,2024,7,5/15/2024,L,1,1,1,3
WY,11084,1,BS,2024,3,5/9/2024,S,2,1,2,
WY,11084,1,BS,2024,3,5/9/2024,S,2,1,2,
WY,11084,1,BS,2024,3,5/9/2024,S,2,1,2,
WY,11084,1,BS,2024,3,5/9/2024,S,1,1,2,
WY,11084,1,BS,2024,3,5/9/2024,S,1,1,3,
WY,11084,1,BS,2024,3,5/9/2024,S,1,1,2,
WY,11084,1,BS,2024,3,5/9/2024,S,1,1,2,
WY,11084,1,BS,2024,3,5/9/2024,S,1,1,2,
WY,11084,1,BS,2024,4,5/9/2024,S,2,1,3,
WY,11084,1,BS,2024,4,5/9/2024,S,2,1,2,
WY,11084,1,BS,2024,4,5/9/2024,S,1,1,2,
WY,11084,1,BS,2024,4,5/9/2024,S,1,1,2,
WY,11084,1,BS,2024,4,5/9/2024,S,1,1,2,
WY,11084,1,BS,2024,4,5/9/2024,S,1,1,2,
WY,11084,1,BS,2024,4,5/9/2024,S,1,1,3,
WY,11084,1,BS,2024,4,5/9/2024,S,1,1,3,
WY,11084,1,BS,2024,4,5/9/2024,S,1,1,2,
WY,11084,1,BS,2024,5,5/9/2024,S,1,1,3,
WY,11084,1,BS,2024,5,5/9/2024,S,1,1,3,
WY,11084,1,BS,2024,7,5/9/2024,S,1,1,2,
WY,11084,1,BS,2024,7,5/9/2024,S,2,1,3,
WY,10968,1,HU,2024,1,5/7/2024,S,1,1,1,
WY,10968,1,HU,2024,1,5/7/2024,L,1,1,1,1
WY,10968,1,HU,2024,2,5/7/2024,S,2,1,1,
WY,10968,1,HU,2024,2,5/7/2024,S,1,1,1,
WY,10968,1,HU,2024,2,5/7/2024,S,2,1,1,
WY,10968,1,HU,2024,3,5/7/2024,S,2,1,1,
WY,10968,1,HU,2024,3,5/7/2024,S,1,1,1,
WY,10968,1,HU,2024,3,5/7/2024,S,1,1,1,
WY,10968,1,HU,2024,3,5/7/2024,L,1,1,1,1
WY,10968,1,HU,2024,4,5/7/2024,S,2,1,1,
WY,10968,1,HU,2024,4,5/7/2024,S,2,1,1,
WY,10968,1,HU,2024,4,5/7/2024,S,1,1,1,
WY,10968,1,HU,2024,4,5/7/2024,S,1,1,1,
WY,10968,1,HU,2024,4,5/7/2024,S,1,1,1,
WY,10968,1,HU,2024,4,5/7/2024,L,1,1,1,3
WY,10968,1,HU,2024,5,5/7/2024,S,1,1,1,
WY,10968,1,HU,2024,5,5/7/2024,S,1,1,1,
WY,10968,1,HU,2024,6,5/7/2024,S,1,1,1,
WY,10968,1,HU,2024,6,5/7/2024,S,1,1,1,
WY,10968,1,HU,2024,6,5/7/2024,S,1,1,1,
WY,10968,1,HU,2024,7,5/7/2024,S,1,1,1,
WY,10968,1,HU,2024,7,5/7/2024,S,1,1,1,
WY,10968,1,HU,2024,7,5/7/2024,L,1,1,1,1
WY,10968,1,HU,2024,7,5/7/2024,L,1,1,1,1
WY,10399,1,HU,2024,1,5/7/2024,S,2,1,1,
WY,10399,1,HU,2024,1,5/7/2024,S,2,1,1,
WY,10399,1,HU,2024,1,5/7/2024,S,1,1,1,
WY,10399,1,HU,2024,1,5/7/2024,S,1,1,1,
WY,10399,1,HU,2024,1,5/7/2024,S,1,1,1,
WY,10399,1,HU,2024,1,5/7/2024,L,1,1,1,3
WY,10399,1,HU,2024,1,5/7/2024,S,1,1,1,
WY,10399,1,HU,2024,2,5/7/2024,S,2,1,1,
WY,10399,1,HU,2024,2,5/7/2024,S,2,1,1,
WY,10399,1,HU,2024,3,5/7/2024,S,1,1,1,
WY,10399,1,HU,2024,4,5/7/2024,S,2,1,1,
WY,10399,1,HU,2024,4,5/7/2024,L,1,1,1,2
WY,10399,1,HU,2024,4,5/7/2024,L,1,1,1,3
WY,10399,1,HU,2024,5,5/7/2024,S,1,1,1,
WY,10399,1,HU,2024,5,5/7/2024,L,1,1,1,2
WY,10399,1,HU,2024,5,5/7/2024,L,1,1,1,1
WY,10399,1,HU,2024,5,5/7/2024,L,1,1,1,2
WY,10399,1,HU,2024,6,5/7/2024,S,1,1,1,
WY,10399,1,HU,2024,7,5/7/2024,S,1,1,1,
WY,10399,1,HU,2024,7,5/7/2024,S,1,1,1,
PB,408143,1,HU,2024,1,5/8/2024,S,2,1,2,
PB,408143,1,HU,2024,1,5/8/2024,S,1,1,2,
PB,408143,1,HU,2024,2,5/8/2024,S,2,1,2,
PB,408143,1,HU,2024,2,5/8/2024,S,1,1,2,
PB,408143,1,HU,2024,2,5/8/2024,S,1,1,1,
PB,408143,1,HU,2024,2,5/8/2024,S,1,1,1,
PB,408143,1,HU,2024,2,5/8/2024,S,1,1,1,
PB,408143,1,HU,2024,2,5/8/2024,S,1,1,1,
PB,408143,1,HU,2024,2,5/8/2024,S,1,1,1,
PB,408143,1,HU,2024,2,5/8/2024,S,1,1,1,
PB,408143,1,HU,2024,3,5/8/2024,S,1,1,1,
PB,408143,1,HU,2024,3,5/8/2024,S,1,1,1,
PB,408143,1,HU,2024,3,5/8/2024,S,1,1,1,
PB,408143,1,HU,2024,3,5/8/2024,S,1,1,1,
PB,408143,1,HU,2024,4,5/8/2024,S,1,1,1,
PB,408143,1,HU,2024,5,5/8/2024,S,2,1,1,
PB,408143,1,HU,2024,5,5/8/2024,S,2,1,1,
PB,408143,1,HU,2024,5,5/8/2024,S,2,1,1,
PB,408143,1,HU,2024,5,5/8/2024,S,1,1,1,
PB,408143,1,HU,2024,5,5/8/2024,L,2,1,2,3
PB,408143,1,HU,2024,6,5/8/2024,L,1,1,1,3
PB,408143,1,HU,2024,6,5/8/2024,L,1,1,1,1
PB,408143,1,HU,2024,6,5/8/2024,L,1,1,1,3
PB,408143,1,HU,2024,6,5/8/2024,L,1,1,1,2
PB,408143,1,HU,2024,6,5/8/2024,S,1,1,1,
PB,408143,1,HU,2024,6,5/8/2024,S,1,1,1,
WY,10153,1,BS,2024,1,5/8/2024,S,1,1,2,
WY,10153,1,BS,2024,2,5/8/2024,S,1,1,2,
WY,10153,1,BS,2024,2,5/8/2024,S,1,1,2,
WY,10153,1,BS,2024,2,5/8/2024,L,1,1,2,1
WY,10153,1,BS,2024,2,5/8/2024,L,1,1,2,2
WY,10153,1,BS,2024,3,5/8/2024,S,2,1,2,
WY,10153,1,BS,2024,3,5/8/2024,S,2,1,2,
WY,10153,1,BS,2024,3,5/8/2024,S,2,1,2,
WY,10153,1,BS,2024,3,5/8/2024,S,1,1,2,
WY,10153,1,BS,2024,3,5/8/2024,L,1,1,2,3
WY,10153,1,BS,2024,3,5/8/2024,L,1,1,2,2
WY,10153,1,BS,2024,4,5/8/2024,S,2,1,2,
WY,10153,1,BS,2024,4,5/8/2024,S,2,1,2,
WY,10153,1,BS,2024,4,5/8/2024,S,2,1,2,
WY,10153,1,BS,2024,4,5/8/2024,S,1,1,2,
WY,10153,1,BS,2024,4,5/8/2024,L,1,1,2,1
WY,10153,1,BS,2024,4,5/8/2024,L,1,1,2,2
WY,10153,1,BS,2024,4,5/8/2024,L,1,1,1,2
WY,10153,1,BS,2024,4,5/8/2024,L,1,1,2,2
WY,10153,1,BS,2024,5,5/8/2024,S,1,1,2,
WY,10153,1,BS,2024,5,5/8/2024,S,1,1,2,
WY,10153,1,BS,2024,5,5/8/2024,S,1,1,2,
WY,10153,1,BS,2024,5,5/8/2024,L,1,1,2,3
WY,10153,1,BS,2024,6,5/8/2024,S,2,1,2,
WY,10153,1,BS,2024,6,5/8/2024,S,2,1,2,
WY,10153,1,BS,2024,6,5/8/2024,S,1,1,2,
WY,10153,1,BS,2024,6,5/8/2024,L,1,1,1,3
WY,10153,1,BS,2024,7,5/8/2024,S,2,1,2,
WY,10153,1,BS,2024,7,5/8/2024,S,2,1,2,
WY,10153,1,BS,2024,7,5/8/2024,S,2,1,2,
WY,10153,1,BS,2024,7,5/8/2024,S,2,1,2,
WY,10153,1,BS,2024,7,5/8/2024,S,1,1,2,
WY,10153,1,BS,2024,7,5/8/2024,S,1,1,2,
WY,10153,1,BS,2024,7,5/8/2024,S,1,1,2,
WY,10153,1,BS,2024,7,5/8/2024,S,1,1,2,
WY,10153,1,BS,2024,7,5/8/2024,S,1,1,2,
WY,10153,1,BS,2024,7,5/8/2024,S,1,1,2,
WY,10153,1,BS,2024,7,5/8/2024,S,1,1,2,
WY,11081,1,BS,2024,4,5/9/2024,S,1,1,3,
WY,11081,1,BS,2024,4,5/9/2024,L,1,1,3,1
WY,11081,1,BS,2024,5,5/9/2024,S,2,1,3,
WY,11081,1,BS,2024,7,5/9/2024,S,1,1,3,
WY,10185,1,BS,2024,1,5/21/2024,S,1,1,2,
WY,10185,1,BS,2024,1,5/21/2024,S,2,1,2,
WY,10185,1,BS,2024,1,5/21/2024,S,2,1,2,
WY,10185,1,BS,2024,2,5/21/2024,S,1,1,2,
WY,10185,1,BS,2024,2,5/21/2024,L,1,1,1,2
WY,10185,1,BS,2024,2,5/21/2024,S,2,1,2,
WY,10185,1,BS,2024,4,5/21/2024,S,1,1,3,
WY,10185,1,BS,2024,4,5/21/2024,S,2,1,3,
WY,10185,1,BS,2024,4,5/21/2024,L,1,1,3,3
WY,10185,1,BS,2024,5,5/21/2024,L,2,1,2,3
WY,10185,1,BS,2024,5,5/21/2024,S,2,1,3,
WY,10185,1,BS,2024,5,5/21/2024,S,2,1,2,
WY,10185,1,BS,2024,5,5/21/2024,S,1,1,2,
WY,10185,1,BS,2024,6,5/21/2024,S,2,1,2,
WY,10185,1,BS,2024,6,5/21/2024,S,2,1,2,
WY,10185,1,BS,2024,6,5/21/2024,S,2,1,2,
WY,10185,1,BS,2024,6,5/21/2024,S,1,1,2,
WY,10185,1,BS,2024,6,5/21/2024,L,2,1,2,1
WY,10185,1,BS,2024,7,5/21/2024,S,2,1,2,
WY,10597,1,HB,2024,3,5/21/2024,S,2,1,3,
WY,10597,1,HB,2024,3,5/21/2024,S,2,1,3,
WY,10597,1,HB,2024,4,5/21/2024,S,1,1,3,
WY,10597,1,HB,2024,5,5/21/2024,L,1,1,3,3
WY,10597,1,HB,2024,6,5/21/2024,S,1,1,3,
WY,10597,1,HB,2024,6,5/21/2024,S,1,1,3,
ODF,12098,1,BU,2024,2,5/23/2024,L,2,1,2,3
ODF,12098,1,BU,2024,2,5/23/2024,L,2,1,2,3
ODF,12098,1,BU,2024,3,5/23/2024,L,2,1,2,3
ODF,12098,1,BU,2024,5,5/23/2024,L,1,1,2,3
ODF,12098,1,BU,2024,5,5/23/2024,S,1,1,2,
WY,20626,1,HU,2024,1,5/23/2024,S,2,1,1,
WY,20626,1,HU,2024,1,5/23/2024,S,2,1,1,
WY,20626,1,HU,2024,1,5/23/2024,S,1,1,1,
WY,20626,1,HU,2024,2,5/23/2024,S,1,1,1,
WY,20626,1,HU,2024,2,5/23/2024,S,1,1,1,
WY,20626,1,HU,2024,2,5/23/2024,S,1,1,1,
WY,20626,1,HU,2024,2,5/23/2024,S,1,1,1,
WY,20626,1,HU,2024,3,5/23/2024,S,1,1,1,
WY,20626,1,HU,2024,3,5/23/2024,L,1,1,1,3
WY,20626,1,HU,2024,3,5/23/2024,L,1,1,1,2
WY,20626,1,HU,2024,3,5/23/2024,S,1,1,1,
WY,20626,1,HU,2024,3,5/23/2024,S,2,1,1,
WY,20626,1,HU,2024,4,5/23/2024,S,2,1,1,
WY,20626,1,HU,2024,5,5/23/2024,L,2,1,3,3
WY,20626,1,HU,2024,5,5/23/2024,L,2,1,2,3
WY,20626,1,HU,2024,5,5/23/2024,S,1,1,3,
WY,20626,1,HU,2024,6,5/23/2024,L,2,1,3,1
WY,20626,1,HU,2024,6,5/23/2024,L,2,1,3,1
WY,20626,1,HU,2024,6,5/23/2024,L,1,1,1,1
WY,20626,1,HU,2024,6,5/23/2024,S,2,1,1,
WY,20626,1,HU,2024,6,5/23/2024,S,2,1,1,
WY,20626,1,HU,2024,7,5/23/2024,S,2,1,1,
WY,20626,1,HU,2024,7,5/23/2024,S,1,1,1,
WY,10471.1,1,BS,2024,1,5/27/2024,S,2,1,2,
WY,10471.1,1,BS,2024,1,5/27/2024,S,1,1,2,
WY,10471.1,1,BS,2024,1,5/27/2024,S,1,1,2,
WY,10471.1,1,BS,2024,1,5/27/2024,S,1,1,2,
WY,10471.1,1,BS,2024,2,5/27/2024,S,2,1,2,
WY,10471.1,1,BS,2024,3,5/27/2024,S,1,1,3,
WY,10471.1,1,BS,2024,4,5/27/2024,S,2,1,3,
WY,10471.1,1,BS,2024,4,5/27/2024,S,1,1,3,
WY,10471.1,1,BS,2024,5,5/27/2024,S,1,1,2,
WY,10471.1,1,BS,2024,5,5/27/2024,S,1,1,2,
WY,10471.1,1,BS,2024,5,5/27/2024,S,1,1,2,
WY,10471.1,1,BS,2024,6,5/27/2024,S,1,1,2,
WY,10471.1,1,BS,2024,7,5/27/2024,S,1,1,2,
WY,10471.1,1,BS,2024,7,5/27/2024,L,1,1,3,1
WY,10422.2,2,BS,2024,1,5/27/2024,L,1,1,2,3
WY,10422.2,2,BS,2024,1,5/27/2024,L,1,1,1,3
WY,10422.2,2,BS,2024,1,5/27/2024,L,1,1,1,2
WY,10422.2,2,BS,2024,1,5/27/2024,S,2,1,2,
WY,10422.2,2,BS,2024,2,5/27/2024,S,2,1,2,
WY,10422.2,2,BS,2024,3,5/27/2024,S,1,1,2,
WY,10422.2,2,BS,2024,3,5/27/2024,S,2,1,2,
WY,10422.2,2,BS,2024,3,5/27/2024,L,1,1,1,2
WY,10422.2,2,BS,2024,4,5/27/2024,S,2,1,2,
WY,10422.2,2,BS,2024,4,5/27/2024,S,2,1,2,
WY,10422.2,2,BS,2024,4,5/27/2024,S,1,1,2,
WY,10422.2,2,BS,2024,4,5/27/2024,L,2,1,3,2
WY,10422.2,2,BS,2024,5,5/27/2024,S,1,1,2,
WY,10422.2,2,BS,2024,5,5/27/2024,S,1,1,2,
WY,10422.2,2,BS,2024,6,5/27/2024,S,1,1,2,
WY,10422.2,2,BS,2024,6,5/27/2024,S,2,1,2,
WY,10422.2,2,BS,2024,7,5/27/2024,S,2,1,2,
WY,10422.2,2,BS,2024,7,5/27/2024,S,1,1,2,
WY,10422.2,2,BS,2024,7,5/27/2024,S,1,1,2,
WY,10422.2,2,BS,2024,7,5/27/2024,L,1,1,1,3
WY,10422.2,2,BS,2024,7,5/27/2024,S,1,1,2,
WY,10471.2,2,BS,2024,1,5/27/2024,S,2,1,2,
WY,10471.2,2,BS,2024,1,5/27/2024,S,1,1,2,
WY,10471.2,2,BS,2024,1,5/27/2024,S,1,1,2,
WY,10471.2,2,BS,2024,1,5/27/2024,S,1,1,2,
WY,10471.2,2,BS,2024,2,5/27/2024,S,2,1,2,
WY,10471.2,2,BS,2024,2,5/27/2024,S,2,1,2,
WY,10471.2,2,BS,2024,2,5/27/2024,L,1,1,1,3
WY,10471.2,2,BS,2024,3,5/27/2024,S,1,1,2,
WY,10471.2,2,BS,2024,3,5/27/2024,S,1,1,2,
WY,10471.2,2,BS,2024,3,5/27/2024,S,1,1,2,
WY,10471.2,2,BS,2024,3,5/27/2024,S,2,1,2,
WY,10471.2,2,BS,2024,3,5/27/2024,S,2,1,2,
WY,10471.2,2,BS,2024,3,5/27/2024,S,2,1,2,
WY,10471.2,2,BS,2024,3,5/27/2024,S,2,1,2,
WY,10471.2,2,BS,2024,3,5/27/2024,L,2,1,2,1
WY,10471.2,2,BS,2024,4,5/27/2024,S,2,1,2,
WY,10471.2,2,BS,2024,4,5/27/2024,S,2,1,2,
WY,10471.2,2,BS,2024,4,5/27/2024,S,2,1,2,
WY,10471.2,2,BS,2024,4,5/27/2024,L,1,1,1,1
WY,10471.2,2,BS,2024,4,5/27/2024,L,1,1,1,1
WY,10471.2,2,BS,2024,4,5/27/2024,L,1,1,1,1
WY,10471.2,2,BS,2024,4,5/27/2024,L,1,1,1,1
WY,10471.2,2,BS,2024,5,5/27/2024,S,1,1,2,
WY,10471.2,2,BS,2024,5,5/27/2024,L,1,1,1,3
WY,10471.2,2,BS,2024,5,5/27/2024,L,1,1,1,1
WY,10471.2,2,BS,2024,5,5/27/2024,L,1,1,1,2
WY,10471.2,2,BS,2024,5,5/27/2024,L,1,1,1,3
WY,10471.2,2,BS,2024,6,5/27/2024,S,1,1,2,
WY,10471.2,2,BS,2024,6,5/27/2024,L,2,1,1,3
WY,10471.2,2,BS,2024,6,5/27/2024,L,1,1,2,3
WY,10471.2,2,BS,2024,6,5/27/2024,L,1,1,1,2
WY,10471.2,2,BS,2024,7,5/27/2024,L,1,1,1,1
WY,10471.2,2,BS,2024,7,5/27/2024,L,1,1,1,3
WY,10471.2,2,BS,2024,7,5/27/2024,S,2,1,2,
WY,10471.2,2,BS,2024,7,5/27/2024,L,1,1,2,2
WY,10956,1,BS,2024,1,4/3/2024,S,1,2,2,
WY,10956,1,BS,2024,1,4/3/2024,L,1,2,2,1
WY,10956,1,BS,2024,1,4/3/2024,S,2,2,2,
WY,10956,1,BS,2024,1,4/3/2024,L,1,2,2,2
WY,10956,1,BS,2024,2,4/3/2024,S,2,2,2,
WY,10956,1,BS,2024,2,4/3/2024,L,1,2,2,2
WY,10956,1,BS,2024,6,4/3/2024,S,2,2,3,
WY,10956,1,BS,2024,6,4/3/2024,S,2,2,3,
WY,10078,1,HB,2024,1,4/3/2024,L,1,2,2,2
WY,10078,1,HB,2024,3,4/3/2024,L,1,2,3,1
WY,10078,1,HB,2024,3,4/3/2024,S,1,2,3,
WY,10078,1,HB,2024,3,4/3/2024,L,2,2,3,2
WY,10078,1,HB,2024,3,4/3/2024,L,1,2,3,1
WY,10078,1,HB,2024,4,4/3/2024,S,2,2,3,
WY,10078,1,HB,2024,5,4/3/2024,L,1,2,3,2
WY,10078,1,HB,2024,5,4/3/2024,S,2,2,3,
WY,10078,1,HB,2024,6,4/3/2024,L,1,2,3,3
WY,10078,1,HB,2024,6,4/3/2024,S,1,2,3,
WY,10078,1,HB,2024,7,4/3/2024,S,2,2,3,
WY,10078,1,HB,2024,7,4/3/2024,S,2,2,3,
BLM,29431,1,UU,2024,1,4/2/2024,L,2,2,1,2
BLM,29431,1,UU,2024,1,4/2/2024,L,1,2,1,2
BLM,29431,1,UU,2024,1,4/2/2024,L,1,2,1,3
BLM,29431,1,UU,2024,1,4/2/2024,L,1,2,1,2
BLM,29431,1,UU,2024,2,4/2/2024,L,1,2,1,2
BLM,29431,1,UU,2024,2,4/2/2024,S,1,2,1,
BLM,29431,1,UU,2024,4,4/2/2024,S,2,2,1,
BLM,29431,1,UU,2024,4,4/2/2024,L,2,2,1,
BLM,29431,1,UU,2024,4,4/2/2024,L,2,2,1,3
BLM,29431,1,UU,2024,5,4/2/2024,S,2,2,1,
BLM,29431,1,UU,2024,5,4/2/2024,L,1,2,1,2
BLM,29431,1,UU,2024,6,4/2/2024,S,2,2,1,
BLM,29431,1,UU,2024,7,4/2/2024,S,2,2,1,
WY,20550,1,HU,2024,2,4/2/2024,S,2,2,1,
WY,20550,1,HU,2024,2,4/2/2024,S,2,2,1,
WY,20550,1,HU,2024,4,4/2/2024,S,2,2,1,
WY,20550,1,HU,2024,6,4/2/2024,S,2,2,1,
WY,10506,1,BS,2024,1,3/26/2024,S,2,2,3,
WY,10506,1,BS,2024,1,3/26/2024,L,1,2,2,2
WY,10506,1,BS,2024,1,3/26/2024,S,2,2,3,
WY,10506,1,BS,2024,2,3/26/2024,L,1,2,3,1
WY,10506,1,BS,2024,2,3/26/2024,L,2,2,3,1
WY,10506,1,BS,2024,2,3/26/2024,L,1,2,3,1
WY,10506,1,BS,2024,2,3/26/2024,L,1,2,2,1
WY,10506,1,BS,2024,2,3/26/2024,L,1,2,3,3
WY,10506,1,BS,2024,2,3/26/2024,L,1,2,3,2
WY,10506,1,BS,2024,3,3/26/2024,S,2,2,3,
WY,10506,1,BS,2024,3,3/26/2024,S,2,2,2,
WY,10506,1,BS,2024,3,3/26/2024,L,1,2,2,2
WY,10506,1,BS,2024,4,3/26/2024,S,2,2,3,
WY,10506,1,BS,2024,4,3/26/2024,L,1,2,3,
WY,10506,1,BS,2024,4,3/26/2024,L,1,2,3,
WY,10506,1,BS,2024,5,3/26/2024,S,1,2,3,
WY,10506,1,BS,2024,5,3/26/2024,L,1,2,3,2
WY,10506,1,BS,2024,7,3/26/2024,L,2,2,3,1
WY,10506,1,BS,2024,7,3/26/2024,L,2,2,2,3
WY,10024,1,BS,2024,1,3/26/2024,S,2,2,3,
WY,10024,1,BS,2024,1,3/26/2024,L,2,2,3,2
WY,10024,1,BS,2024,2,3/26/2024,S,1,2,3,
WY,10024,1,BS,2024,3,3/26/2024,S,2,2,3,
WY,10024,1,BS,2024,3,3/26/2024,L,2,2,3,2
WY,10024,1,BS,2024,3,3/26/2024,L,2,2,3,3
WY,10024,1,BS,2024,3,3/26/2024,L,1,2,3,3
WY,10024,1,BS,2024,4,3/26/2024,L,1,2,3,3
WY,10024,1,BS,2024,4,3/26/2024,L,1,2,3,3
WY,10024,1,BS,2024,4,3/26/2024,L,1,2,3,2
WY,10024,1,BS,2024,4,3/26/2024,L,1,2,2,1
WY,10024,1,BS,2024,4,3/26/2024,L,1,2,3,3
WY,10024,1,BS,2024,5,3/26/2024,L,1,2,1,3
WY,10024,1,BS,2024,5,3/26/2024,L,1,2,3,2
WY,10024,1,BS,2024,5,3/26/2024,L,1,2,2,2
WY,10024,1,BS,2024,6,3/26/2024,L,1,2,2,3
WY,10024,1,BS,2024,6,3/26/2024,L,1,2,1,3
WY,10024,1,BS,2024,7,3/26/2024,S,1,2,3,
WY,10024,1,BS,2024,7,3/26/2024,S,1,2,3,
WY,10024,1,BS,2024,7,3/26/2024,L,1,2,3,3
BLM,15562,1,BU,2024,1,4/1/2024,L,2,2,2,3
BLM,15562,1,BU,2024,2,4/1/2024,L,1,2,2,3
BLM,15562,1,BU,2024,4,4/1/2024,L,2,2,1,2
BLM,15562,1,BU,2024,4,4/1/2024,L,2,2,2,3
BLM,15562,1,BU,2024,5,4/1/2024,S,1,2,2,
BLM,15562,1,BU,2024,6,4/1/2024,S,2,2,3,
BLM,15562,1,BU,2024,6,4/1/2024,L,1,2,3,2
BLM,15562,1,BU,2024,7,4/1/2024,L,1,2,3,3
BLM,15562,1,BU,2024,7,4/1/2024,S,1,2,3,
BLM,15562,1,BU,2024,7,4/1/2024,S,2,2,3,
BLM,13924,1,UU,2024,1,4/1/2024,S,2,2,1,
BLM,13924,1,UU,2024,3,4/1/2024,S,1,2,1,
BLM,13924,1,UU,2024,7,4/1/2024,L,2,2,1,3
BLM,13924,1,UU,2024,7,4/1/2024,L,1,2,1,1
PB,34017,1,HU,2024,3,3/28/2024,S,1,2,1,
PB,34017,1,HU,2024,3,3/28/2024,S,2,2,1,
PB,34017,1,HU,2024,3,3/28/2024,L,1,2,1,2
PB,34017,1,HU,2024,4,3/28/2024,S,2,2,1,
PB,34017,1,HU,2024,5,3/28/2024,S,2,2,1,
PB,34017,1,HU,2024,5,3/28/2024,S,2,2,1,
PB,34017,1,HU,2024,6,3/28/2024,L,1,2,1,1
BLM,29123,1,UU,2024,2,3/27/2024,S,2,2,1,
BLM,29123,1,UU,2024,2,3/27/2024,L,1,2,1,3
BLM,29123,1,UU,2024,2,3/27/2024,L,1,2,1,2
BLM,29123,1,UU,2024,4,3/27/2024,L,1,2,1,3
BLM,29123,1,UU,2024,4,3/27/2024,L,1,2,1,3
BLM,29123,1,UU,2024,4,3/27/2024,L,1,2,1,3
BLM,29123,1,UU,2024,4,3/27/2024,L,1,2,1,3
BLM,29123,1,UU,2024,4,3/27/2024,L,1,2,1,3
BLM,29123,1,UU,2024,4,3/27/2024,L,1,2,1,3
BLM,29123,1,UU,2024,4,3/27/2024,L,1,2,1,3
BLM,29123,1,UU,2024,5,3/27/2024,L,1,2,1,3
BLM,29123,1,UU,2024,5,3/27/2024,L,1,2,1,3
BLM,29122,1,UU,2024,4,3/27/2024,L,2,2,1,3
BLM,29122,1,UU,2024,4,3/27/2024,S,1,2,1,
BLM,29122,1,UU,2024,6,3/27/2024,S,2,2,1,
BLM,29122,1,UU,2024,7,3/27/2024,S,1,2,1,
BLM,29121,1,UU,2024,1,3/25/2024,L,1,2,1,2
BLM,29121,1,UU,2024,1,3/25/2024,L,1,2,1,3
BLM,29121,1,UU,2024,1,3/25/2024,S,1,2,1,
BLM,29121,1,UU,2024,1,3/25/2024,L,1,2,1,3
BLM,29121,1,UU,2024,5,3/25/2024,L,1,2,1,2
BLM,29121,1,UU,2024,6,3/25/2024,S,1,2,1,
WY,20616,1,UU,2024,3,3/21/2024,L,1,2,1,3
WY,20616,1,UU,2024,3,3/21/2024,L,1,2,1,1
WY,20616,1,UU,2024,5,3/21/2024,L,1,2,1,3
WY,20616,1,UU,2024,5,3/21/2024,L,1,2,1,3
WY,20616,1,UU,2024,6,3/21/2024,L,1,2,1,3
WY,20616,1,UU,2024,7,3/21/2024,L,1,2,1,3
WY,20616,1,UU,2024,7,3/21/2024,L,1,2,1,3
ODF,12776,1,BU,2024,1,4/18/2024,S,2,2,3,
ODF,12776,1,BU,2024,2,4/18/2024,S,2,2,3,
ODF,12776,1,BU,2024,3,4/18/2024,L,1,2,2,3
ODF,12776,1,BU,2024,4,4/18/2024,L,2,2,2,3
ODF,12776,1,BU,2024,4,4/18/2024,S,2,2,3,
ODF,12776,1,BU,2024,4,4/18/2024,L,1,2,3,1
ODF,12776,1,BU,2024,4,4/18/2024,L,1,2,3,3
ODF,12776,1,BU,2024,5,4/18/2024,L,2,2,1,3
ODF,12776,1,BU,2024,5,4/18/2024,S,1,2,3,
ODF,12776,1,BU,2024,5,4/18/2024,S,1,2,3,
ODF,12776,1,BU,2024,5,4/18/2024,S,2,2,3,
ODF,12776,1,BU,2024,6,4/18/2024,L,1,2,1,1
ODF,12776,1,BU,2024,6,4/18/2024,S,1,2,2,
ODF,12560,1,BU,2024,1,4/18/2024,S,2,2,3,
ODF,12560,1,BU,2024,2,4/18/2024,L,2,2,2,3
ODF,12560,1,BU,2024,2,4/18/2024,S,2,2,2,
ODF,12560,1,BU,2024,2,4/18/2024,S,1,2,2,
ODF,12560,1,BU,2024,2,4/18/2024,L,2,2,2,2
ODF,12560,1,BU,2024,3,4/18/2024,S,1,2,3,
ODF,12560,1,BU,2024,3,4/18/2024,S,2,2,3,
ODF,12560,1,BU,2024,5,4/18/2024,L,1,2,3,2
ODF,12560,1,BU,2024,6,4/18/2024,S,1,2,2,
ODF,12560,1,BU,2024,7,4/18/2024,S,1,2,2,
ODF,12560,1,BU,2024,7,4/18/2024,S,1,2,2,
BLM,29429,1,UU,2024,1,4/16/2024,L,2,2,1,2
BLM,29429,1,UU,2024,1,4/16/2024,L,1,2,1,1
BLM,29429,1,UU,2024,1,4/16/2024,L,2,2,1,3
BLM,29429,1,UU,2024,2,4/16/2024,L,1,2,1,2
BLM,29429,1,UU,2024,2,4/16/2024,L,2,2,1,1
BLM,29429,1,UU,2024,3,4/16/2024,L,1,2,1,3
BLM,29429,1,UU,2024,3,4/16/2024,S,2,2,1,
BLM,29429,1,UU,2024,4,4/16/2024,L,1,2,1,3
BLM,29429,1,UU,2024,4,4/16/2024,L,1,2,1,3
BLM,29429,1,UU,2024,5,4/16/2024,L,2,2,1,2
BLM,29889,1,UU,2024,1,4/16/2024,S,2,2,1,
BLM,29889,1,UU,2024,2,4/16/2024,S,2,2,1,
BLM,29889,1,UU,2024,2,4/16/2024,S,2,2,1,
BLM,29889,1,UU,2024,3,4/16/2024,L,2,2,1,3
BLM,29889,1,UU,2024,3,4/16/2024,L,1,2,1,3
BLM,29889,1,UU,2024,3,4/16/2024,S,1,2,1,
BLM,29889,1,UU,2024,5,4/16/2024,L,2,2,1,3
BLM,29889,1,UU,2024,5,4/16/2024,L,2,2,1,3
BLM,29889,1,UU,2024,6,4/16/2024,L,1,2,1,3
BLM,29889,1,UU,2024,7,4/16/2024,S,2,2,1,
ODF,12364,1,HB,2024,1,4/15/2024,L,2,2,2,1
ODF,12364,1,HB,2024,1,4/15/2024,L,2,2,2,2
ODF,12364,1,HB,2024,1,4/15/2024,L,1,2,2,1
ODF,12364,1,HB,2024,2,4/15/2024,L,2,2,2,2
ODF,12364,1,HB,2024,3,4/15/2024,S,1,2,3,
ODF,12364,1,HB,2024,3,4/15/2024,S,2,2,3,
ODF,12364,1,HB,2024,3,4/15/2024,S,2,2,3,
ODF,12364,1,HB,2024,3,4/15/2024,S,1,2,3,
ODF,12364,1,HB,2024,4,4/15/2024,L,2,2,3,3
ODF,12364,1,HB,2024,4,4/15/2024,S,1,2,3,
ODF,12364,1,HB,2024,4,4/15/2024,S,1,2,3,
ODF,12364,1,HB,2024,4,4/15/2024,S,1,2,3,
ODF,12364,1,HB,2024,4,4/15/2024,S,1,2,3,
ODF,12364,1,HB,2024,5,4/15/2024,S,2,2,3,
ODF,12364,1,HB,2024,5,4/15/2024,S,2,2,3,
ODF,12364,1,HB,2024,5,4/15/2024,S,2,2,3,
ODF,12364,1,HB,2024,6,4/15/2024,S,2,2,3,
ODF,12364,1,HB,2024,6,4/15/2024,S,2,2,3,
ODF,12364,1,HB,2024,6,4/15/2024,S,1,2,3,
ODF,12364,1,HB,2024,7,4/15/2024,S,2,2,3,
ODF,12364,1,HB,2024,7,4/15/2024,L,1,2,3,2
ODF,12362,1,HB,2024,1,4/15/2024,L,1,2,3,2
ODF,12362,1,HB,2024,2,4/15/2024,S,2,2,3,
ODF,12362,1,HB,2024,2,4/15/2024,S,1,2,3,
ODF,12362,1,HB,2024,2,4/15/2024,S,2,2,3,
ODF,12362,1,HB,2024,3,4/15/2024,S,2,2,2,
ODF,12362,1,HB,2024,3,4/15/2024,L,2,2,2,3
ODF,12362,1,HB,2024,4,4/15/2024,L,2,2,2,3
ODF,12362,1,HB,2024,4,4/15/2024,S,2,2,2,
ODF,12362,1,HB,2024,4,4/15/2024,L,2,2,2,3
ODF,12362,1,HB,2024,5,4/15/2024,L,1,2,2,3
ODF,12362,1,HB,2024,5,4/15/2024,L,2,2,2,3
ODF,12362,1,HB,2024,6,4/15/2024,S,2,2,3,
ODF,12362,1,HB,2024,7,4/15/2024,S,1,2,3,
ODF,12362,1,HB,2024,7,4/15/2024,S,1,2,3,
BLM,12239,1,UU,2024,1,4/11/2024,S,2,2,1,
BLM,12239,1,UU,2024,3,4/11/2024,S,2,2,1,
BLM,12239,1,UU,2024,4,4/11/2024,L,2,2,1,3
BLM,12239,1,UU,2024,4,4/11/2024,L,1,2,1,3
BLM,12239,1,UU,2024,6,4/11/2024,S,1,2,1,
BLM,12213,1,UU,2024,1,4/11/2024,L,1,2,1,3
BLM,12213,1,UU,2024,1,4/11/2024,L,1,2,1,3
BLM,12213,1,UU,2024,2,4/11/2024,S,1,2,1,
BLM,12213,1,UU,2024,2,4/11/2024,L,1,2,1,1
BLM,12213,1,UU,2024,3,4/11/2024,S,2,2,1,
BLM,12213,1,UU,2024,3,4/11/2024,S,2,2,1,
BLM,12213,1,UU,2024,5,4/11/2024,L,1,2,1,1
BLM,12213,1,UU,2024,5,4/11/2024,L,1,2,1,2
WY,10467,1,HB,2024,1,4/9/2024,S,1,2,3,
WY,10467,1,HB,2024,2,4/9/2024,S,1,2,3,
WY,10467,1,HB,2024,2,4/9/2024,L,1,2,2,1
WY,10467,1,HB,2024,2,4/9/2024,L,2,2,3,1
WY,10467,1,HB,2024,2,4/9/2024,S,2,2,3,
WY,10467,1,HB,2024,2,4/9/2024,L,1,2,3,3
WY,10467,1,HB,2024,2,4/9/2024,L,1,2,2,2
WY,10467,1,HB,2024,2,4/9/2024,S,1,2,3,
WY,10467,1,HB,2024,3,4/9/2024,L,1,2,2,2
WY,10467,1,HB,2024,5,4/9/2024,L,1,2,2,1
WY,10467,1,HB,2024,6,4/9/2024,S,2,2,3,
WY,10467,1,HB,2024,6,4/9/2024,S,1,2,3,
WY,10467,1,HB,2024,6,4/9/2024,S,1,2,3,
WY,10467,1,HB,2024,6,4/9/2024,S,2,2,3,
WY,10467,1,HB,2024,6,4/9/2024,S,2,2,3,
WY,10467,1,HB,2024,6,4/9/2024,L,2,2,3,1
WY,10467,1,HB,2024,6,4/9/2024,L,2,2,3,3
WY,10467,1,HB,2024,6,4/9/2024,L,2,2,3,2
WY,10467,1,HB,2024,7,4/9/2024,L,1,2,2,2
WY,10467,1,HB,2024,7,4/9/2024,S,1,2,3,
WY,10422.1,1,BS,2024,1,4/9/2024,L,1,2,2,2
WY,10422.1,1,BS,2024,2,4/9/2024,L,1,2,1,1
WY,10422.1,1,BS,2024,3,4/9/2024,L,1,2,3,2
WY,10422.1,1,BS,2024,3,4/9/2024,S,1,2,3,
WY,10422.1,1,BS,2024,4,4/9/2024,S,2,2,2,
WY,10422.1,1,BS,2024,5,4/9/2024,L,1,2,3,1
WY,10422.1,1,BS,2024,5,4/9/2024,L,1,2,3,1
WY,10422.1,1,BS,2024,5,4/9/2024,L,1,2,3,1
WY,10422.1,1,BS,2024,5,4/9/2024,L,1,2,3,1
WY,10422.1,1,BS,2024,5,4/9/2024,L,1,2,3,1
WY,10422.1,1,BS,2024,5,4/9/2024,L,1,2,3,1
WY,10422.1,1,BS,2024,5,4/9/2024,L,1,2,3,1
WY,10422.1,1,BS,2024,5,4/9/2024,L,1,2,3,1
WY,10422.1,1,BS,2024,5,4/9/2024,L,1,2,3,1
WY,10422.1,1,BS,2024,5,4/9/2024,L,1,2,3,1
WY,10422.1,1,BS,2024,5,4/9/2024,S,1,2,3,
WY,10422.1,1,BS,2024,5,4/9/2024,S,1,2,3,
WY,10422.1,1,BS,2024,5,4/9/2024,S,1,2,3,
WY,10422.1,1,BS,2024,5,4/9/2024,S,1,2,3,
WY,10422.1,1,BS,2024,6,4/9/2024,L,1,2,2,1
WY,10422.1,1,BS,2024,7,4/9/2024,L,1,2,1,1
WY,10422.1,1,BS,2024,7,4/9/2024,S,1,2,2,
WY,10422.1,1,BS,2024,7,4/9/2024,L,1,2,2,1
WY,10422.1,1,BS,2024,7,4/9/2024,L,1,2,2,1
WY,10422.1,1,BS,2024,7,4/9/2024,L,1,2,2,1
WY,10422.1,1,BS,2024,7,4/9/2024,L,1,2,2,1
WY,10422.1,1,BS,2024,7,4/9/2024,L,1,2,2,1
WY,10422.1,1,BS,2024,7,4/9/2024,L,1,2,2,1
WY,10422.1,1,BS,2024,7,4/9/2024,L,1,2,2,1
WY,10422.1,1,BS,2024,7,4/9/2024,S,2,2,2,
WY,10463,1,BS,2024,1,4/9/2024,S,2,2,2,
WY,10463,1,BS,2024,1,4/9/2024,S,1,2,2,
WY,10463,1,BS,2024,1,4/9/2024,L,1,2,2,2
WY,10463,1,BS,2024,2,4/9/2024,L,1,2,1,3
WY,10463,1,BS,2024,2,4/9/2024,L,2,2,2,3
WY,10463,1,BS,2024,2,4/9/2024,S,1,2,3,
WY,10463,1,BS,2024,3,4/9/2024,L,1,2,2,2
WY,10463,1,BS,2024,3,4/9/2024,L,1,2,3,2
WY,10463,1,BS,2024,4,4/9/2024,L,1,2,3,3
WY,10463,1,BS,2024,5,4/9/2024,S,2,2,2,
WY,10463,1,BS,2024,6,4/9/2024,L,2,2,2,1
WY,10463,1,BS,2024,7,4/9/2024,L,2,2,2,1
WY,10463,1,BS,2024,7,4/9/2024,S,2,2,2,
PB,408178.1,1,BS,2024,1,4/10/2024,S,2,2,3,
PB,408178.1,1,BS,2024,2,4/10/2024,S,1,2,3,
PB,408178.1,1,BS,2024,2,4/10/2024,S,1,2,3,
PB,408178.1,1,BS,2024,2,4/10/2024,S,1,2,3,
PB,408178.1,1,BS,2024,2,4/10/2024,S,1,2,3,
PB,408178.1,1,BS,2024,3,4/10/2024,S,1,2,3,
PB,408178.1,1,BS,2024,3,4/10/2024,S,1,2,2,
PB,408178.1,1,BS,2024,3,4/10/2024,S,1,2,2,
PB,408178.1,1,BS,2024,3,4/10/2024,S,1,2,3,
PB,408178.1,1,BS,2024,4,4/10/2024,S,2,2,2,
PB,408178.1,1,BS,2024,4,4/10/2024,S,1,2,3,
PB,408178.1,1,BS,2024,4,4/10/2024,S,2,2,3,
PB,408178.1,1,BS,2024,5,4/10/2024,S,2,2,3,
PB,408178.1,1,BS,2024,6,4/10/2024,L,2,2,2,3
PB,408178.1,1,BS,2024,7,4/10/2024,L,2,2,2,1
PB,408178.1,1,BS,2024,7,4/10/2024,S,2,2,2,
PB,408178.2,2,HB,2024,1,4/10/2024,L,1,2,2,1
PB,408178.2,2,HB,2024,1,4/10/2024,L,1,2,2,2
PB,408178.2,2,HB,2024,1,4/10/2024,L,2,2,2,1
PB,408178.2,2,HB,2024,1,4/10/2024,L,1,2,2,1
PB,408178.2,2,HB,2024,3,4/10/2024,S,1,2,3,
PB,408178.2,2,HB,2024,3,4/10/2024,S,1,2,2,
PB,408178.2,2,HB,2024,3,4/10/2024,S,1,2,3,
PB,408178.2,2,HB,2024,3,4/10/2024,S,2,2,3,
PB,408178.2,2,HB,2024,4,4/10/2024,S,2,2,3,
PB,408178.2,2,HB,2024,4,4/10/2024,S,2,2,3,
PB,408178.2,2,HB,2024,4,4/10/2024,L,1,2,3,2
PB,408178.2,2,HB,2024,4,4/10/2024,L,1,2,3,2
PB,408178.2,2,HB,2024,5,4/10/2024,S,2,2,3,
PB,408178.2,2,HB,2024,5,4/10/2024,S,1,2,3,
PB,408178.2,2,HB,2024,5,4/10/2024,S,1,2,2,
PB,408178.2,2,HB,2024,5,4/10/2024,L,2,2,2,3
PB,408178.2,2,HB,2024,5,4/10/2024,L,1,2,3,2
PB,408178.2,2,HB,2024,6,4/10/2024,L,1,2,3,
PB,408178.2,2,HB,2024,6,4/10/2024,L,1,2,3,
PB,408178.2,2,HB,2024,6,4/10/2024,L,1,2,3,
PB,408178.2,2,HB,2024,6,4/10/2024,L,1,2,3,
PB,408178.2,2,HB,2024,6,4/10/2024,L,1,2,3,
PB,408178.2,2,HB,2024,7,4/10/2024,S,1,2,3,
PB,408178.2,2,HB,2024,7,4/10/2024,L,1,2,2,3
PB,408178.2,2,HB,2024,7,4/10/2024,L,1,2,2,3
PB,9757,1,BU,2024,1,4/10/2024,S,1,2,3,
PB,9757,1,BU,2024,1,4/10/2024,S,1,2,3,
PB,9757,1,BU,2024,1,4/10/2024,L,1,2,2,3
PB,9757,1,BU,2024,2,4/10/2024,L,2,2,2,3
PB,9757,1,BU,2024,2,4/10/2024,L,2,2,2,1
PB,9757,1,BU,2024,2,4/10/2024,L,1,2,2,2
PB,9757,1,BU,2024,2,4/10/2024,L,1,2,2,3
PB,9757,1,BU,2024,3,4/10/2024,L,1,2,2,2
PB,9757,1,BU,2024,3,4/10/2024,S,2,2,3,
PB,9757,1,BU,2024,4,4/10/2024,L,1,2,3,3
PB,9757,1,BU,2024,5,4/10/2024,L,2,2,2,2
PB,9757,1,BU,2024,5,4/10/2024,L,2,2,2,3
PB,9757,1,BU,2024,6,4/10/2024,L,1,2,2,3
PB,9757,1,BU,2024,6,4/10/2024,S,1,2,2,
PB,9757,1,BU,2024,7,4/10/2024,S,2,2,2,
BLM,10439,1,UU,2024,1,4/25/2024,S,2,2,1,
BLM,10439,1,UU,2024,2,4/25/2024,S,2,2,1,
BLM,10439,1,UU,2024,2,4/25/2024,L,1,2,1,3
BLM,10439,1,UU,2024,3,4/25/2024,S,1,2,1,
BLM,10439,1,UU,2024,3,4/25/2024,S,2,2,1,
BLM,10439,1,UU,2024,3,4/25/2024,S,1,2,1,
BLM,10439,1,UU,2024,4,4/25/2024,S,1,2,1,
BLM,10439,1,UU,2024,5,4/25/2024,L,1,2,1,3
BLM,10439,1,UU,2024,5,4/25/2024,S,1,2,1,
BLM,10439,1,UU,2024,6,4/25/2024,S,1,2,1,
BLM,10439,1,UU,2024,6,4/25/2024,S,2,2,1,
BLM,10439,1,UU,2024,6,4/25/2024,L,2,2,1,3
BLM,10439,1,UU,2024,6,4/25/2024,L,1,2,1,2
BLM,10439,1,UU,2024,6,4/25/2024,L,1,2,1,2
BLM,10439,1,UU,2024,6,4/25/2024,L,1,2,1,3
BLM,10439,1,UU,2024,6,4/25/2024,L,1,2,1,2
BLM,10439,1,UU,2024,7,4/25/2024,S,1,2,1,
BLM,10439,1,UU,2024,7,4/25/2024,S,1,2,1,
BLM,10439,1,UU,2024,7,4/25/2024,S,1,2,1,
BLM,10439,1,UU,2024,7,4/25/2024,L,1,2,1,1
BLM,10439,1,UU,2024,7,4/25/2024,L,1,2,1,3
BLM,10439,1,UU,2024,7,4/25/2024,L,1,2,1,2
PB,33810,1,HU,2024,1,4/25/2024,S,2,2,1,
PB,33810,1,HU,2024,1,4/25/2024,S,1,2,1,
PB,33810,1,HU,2024,2,4/25/2024,S,2,2,1,
PB,33810,1,HU,2024,2,4/25/2024,S,1,2,1,
PB,33810,1,HU,2024,3,4/25/2024,L,1,2,1,3
PB,33810,1,HU,2024,4,4/25/2024,S,1,2,1,
PB,33810,1,HU,2024,4,4/25/2024,S,2,2,1,
PB,33810,1,HU,2024,4,4/25/2024,S,1,2,1,
PB,33810,1,HU,2024,5,4/25/2024,S,2,2,1,
PB,33810,1,HU,2024,5,4/25/2024,S,2,2,1,
PB,33810,1,HU,2024,6,4/25/2024,S,1,2,1,
PB,33810,1,HU,2024,6,4/25/2024,L,1,2,1,
PB,33810,1,HU,2024,7,4/25/2024,S,1,2,1,
PB,408162,1,HU,2024,1,4/24/2024,S,2,2,1,
PB,408162,1,HU,2024,1,4/24/2024,S,2,2,1,
PB,408162,1,HU,2024,1,4/24/2024,S,2,2,1,
PB,408162,1,HU,2024,2,4/24/2024,S,2,2,1,
PB,408162,1,HU,2024,2,4/24/2024,S,2,2,1,
PB,408162,1,HU,2024,3,4/24/2024,S,2,2,1,
PB,408162,1,HU,2024,3,4/24/2024,S,1,2,1,
PB,408162,1,HU,2024,3,4/24/2024,S,1,2,1,
PB,408162,1,HU,2024,4,4/24/2024,L,1,2,1,3
PB,408162,1,HU,2024,4,4/24/2024,L,1,2,1,3
PB,408162,1,HU,2024,4,4/24/2024,L,1,2,1,3
PB,408162,1,HU,2024,5,4/24/2024,L,1,2,1,2
PB,408162,1,HU,2024,6,4/24/2024,L,1,2,1,2
PB,408162,1,HU,2024,6,4/24/2024,L,1,2,1,1
PB,408162,1,HU,2024,6,4/24/2024,L,1,2,1,1
PB,408162,1,HU,2024,7,4/24/2024,S,2,2,1,
BLM,10302,1,UU,2024,1,4/24/2024,S,1,2,1,
BLM,10302,1,UU,2024,1,4/24/2024,L,1,2,1,2
BLM,10302,1,UU,2024,1,4/24/2024,L,2,2,1,3
BLM,10302,1,UU,2024,2,4/24/2024,L,1,2,1,1
BLM,10302,1,UU,2024,4,4/24/2024,L,2,2,1,3
BLM,10302,1,UU,2024,5,4/24/2024,L,1,2,1,3
BLM,10302,1,UU,2024,5,4/24/2024,L,1,2,1,3
BLM,10302,1,UU,2024,7,4/24/2024,S,2,2,1,
BLM,10302,1,UU,2024,7,4/24/2024,S,1,2,1,
BLM,10302,1,UU,2024,7,4/24/2024,S,1,2,1,
BLM,10302,1,UU,2024,7,4/24/2024,L,2,2,1,3
PB,33628,1,HB,2024,1,4/23/2024,S,1,2,2,
PB,33628,1,HB,2024,1,4/23/2024,L,1,2,2,1
PB,33628,1,HB,2024,1,4/23/2024,S,2,2,3,
PB,33628,1,HB,2024,1,4/23/2024,S,2,2,3,
PB,33628,1,HB,2024,1,4/23/2024,L,1,2,3,1
PB,33628,1,HB,2024,2,4/23/2024,S,2,2,3,
PB,33628,1,HB,2024,2,4/23/2024,S,2,2,3,
PB,33628,1,HB,2024,2,4/23/2024,S,2,2,3,
PB,33628,1,HB,2024,3,4/23/2024,S,1,2,3,
PB,33628,1,HB,2024,3,4/23/2024,S,1,2,3,
PB,33628,1,HB,2024,3,4/23/2024,S,1,2,3,
PB,33628,1,HB,2024,3,4/23/2024,S,1,2,3,
PB,33628,1,HB,2024,4,4/23/2024,L,1,2,2,2
PB,33628,1,HB,2024,4,4/23/2024,L,1,2,2,2
PB,33628,1,HB,2024,6,4/23/2024,S,1,2,2,
PB,33628,1,HB,2024,7,4/23/2024,L,1,2,2,1
PB,33628,1,HB,2024,7,4/23/2024,S,2,2,3,
PB,33651,1,HB,2024,3,4/23/2024,S,1,2,3,
PB,33651,1,HB,2024,3,4/23/2024,S,1,2,3,
PB,33651,1,HB,2024,3,4/23/2024,L,1,2,2,1
PB,33651,1,HB,2024,4,4/23/2024,S,1,2,3,
PB,33651,1,HB,2024,5,4/23/2024,S,1,2,3,
PB,33651,1,HB,2024,5,4/23/2024,S,1,2,3,
PB,33651,1,HB,2024,5,4/23/2024,S,1,2,3,
PB,33651,1,HB,2024,5,4/23/2024,L,1,2,2,1
PB,33651,1,HB,2024,6,4/23/2024,L,1,2,3,3
PB,33651,1,HB,2024,6,4/23/2024,S,1,2,3,
PB,33651,1,HB,2024,6,4/23/2024,S,1,2,3,
PB,33651,1,HB,2024,6,4/23/2024,S,1,2,3,
PB,33651,1,HB,2024,7,4/23/2024,S,2,2,3,
PB,33651,1,HB,2024,7,4/23/2024,S,1,2,3,
PB,33651,1,HB,2024,7,4/23/2024,S,1,2,3,
PB,408180,1,HB,2024,1,4/23/2024,S,2,2,3,
PB,408180,1,HB,2024,2,4/23/2024,S,1,2,3,
PB,408180,1,HB,2024,2,4/23/2024,S,1,2,3,
PB,408180,1,HB,2024,2,4/23/2024,S,2,2,3,
PB,408180,1,HB,2024,2,4/23/2024,S,1,2,3,
PB,408180,1,HB,2024,2,4/23/2024,S,1,2,3,
PB,408180,1,HB,2024,3,4/23/2024,S,2,2,2,
PB,408180,1,HB,2024,3,4/23/2024,S,1,2,2,
PB,408180,1,HB,2024,3,4/23/2024,L,1,2,2,1
PB,408180,1,HB,2024,4,4/23/2024,S,2,2,2,
PB,408180,1,HB,2024,4,4/23/2024,S,2,2,2,
PB,408180,1,HB,2024,4,4/23/2024,L,2,2,2,3
PB,408180,1,HB,2024,5,4/23/2024,S,2,2,3,
PB,408180,1,HB,2024,5,4/23/2024,S,2,2,3,
PB,408180,1,HB,2024,5,4/23/2024,S,1,2,3,
PB,408180,1,HB,2024,5,4/23/2024,S,1,2,3,
PB,408180,1,HB,2024,5,4/23/2024,S,1,2,3,
PB,408180,1,HB,2024,5,4/23/2024,L,1,2,3,1
PB,408180,1,HB,2024,6,4/23/2024,S,2,2,3,
PB,408180,1,HB,2024,6,4/23/2024,S,2,2,3,
PB,408180,1,HB,2024,6,4/23/2024,S,1,2,3,
PB,408180,1,HB,2024,6,4/23/2024,S,1,2,3,
PB,408180,1,HB,2024,6,4/23/2024,S,1,2,3,
PB,408180,1,HB,2024,6,4/23/2024,S,1,2,3,
PB,408180,1,HB,2024,6,4/23/2024,S,2,2,3,
PB,408180,1,HB,2024,6,4/23/2024,L,1,2,3,2
PB,408180,1,HB,2024,7,4/23/2024,S,2,2,3,
PB,408180,1,HB,2024,7,4/23/2024,S,1,2,3,
PB,408180,1,HB,2024,7,4/23/2024,S,1,2,3,
PB,408180,1,HB,2024,7,4/23/2024,S,1,2,3,
PB,408180,1,HB,2024,7,4/23/2024,S,1,2,3,
PB,408180,1,HB,2024,7,4/23/2024,L,1,2,2,2
PB,408180,1,HB,2024,7,4/23/2024,L,1,2,2,2
PB,33689,1,HU,2024,1,4/22/2024,S,2,2,1,
PB,33689,1,HU,2024,7,4/22/2024,S,2,2,1,
PB,34007,1,HB,2024,1,4/22/2024,S,1,2,2,
PB,34007,1,HB,2024,1,4/22/2024,S,1,2,2,
PB,34007,1,HB,2024,2,4/22/2024,L,2,2,2,3
PB,34007,1,HB,2024,2,4/22/2024,L,2,2,2,3
PB,34007,1,HB,2024,2,4/22/2024,S,1,2,2,
PB,34007,1,HB,2024,3,4/22/2024,L,1,2,3,3
PB,34007,1,HB,2024,3,4/22/2024,L,1,2,3,3
PB,34007,1,HB,2024,3,4/22/2024,S,1,2,3,
PB,34007,1,HB,2024,3,4/22/2024,S,2,2,3,
PB,34007,1,HB,2024,3,4/22/2024,S,1,2,3,
PB,34007,1,HB,2024,4,4/22/2024,L,1,2,3,2
PB,34007,1,HB,2024,4,4/22/2024,S,1,2,3,
PB,34007,1,HB,2024,4,4/22/2024,S,1,2,3,
PB,34007,1,HB,2024,4,4/22/2024,S,1,2,3,
PB,34007,1,HB,2024,4,4/22/2024,S,1,2,3,
PB,34007,1,HB,2024,4,4/22/2024,S,1,2,3,
PB,34007,1,HB,2024,4,4/22/2024,S,1,2,3,
PB,34007,1,HB,2024,5,4/22/2024,S,2,2,3,
PB,34007,1,HB,2024,5,4/22/2024,S,2,2,2,
PB,34007,1,HB,2024,5,4/22/2024,S,1,2,3,
PB,34007,1,HB,2024,5,4/22/2024,S,1,2,3,
PB,34007,1,HB,2024,5,4/22/2024,S,1,2,3,
PB,34007,1,HB,2024,5,4/22/2024,S,1,2,3,
PB,34007,1,HB,2024,6,4/22/2024,S,1,2,2,
PB,34007,1,HB,2024,6,4/22/2024,S,2,2,3,
PB,34007,1,HB,2024,6,4/22/2024,L,1,2,3,2
PB,34007,1,HB,2024,6,4/22/2024,S,1,2,2,
PB,34007,1,HB,2024,7,4/22/2024,L,1,2,3,2
PB,34007,1,HB,2024,7,4/22/2024,S,1,2,3,
PB,34007,1,HB,2024,7,4/22/2024,S,2,2,2,
PB,34007,1,HB,2024,7,4/22/2024,S,2,2,3,
PB,34007,1,HB,2024,7,4/22/2024,S,1,2,2,
PB,34007,1,HB,2024,7,4/22/2024,L,1,2,3,2
WY,20053,1,HU,2024,1,5/1/2024,S,2,2,1,
WY,20053,1,HU,2024,2,5/1/2024,S,1,2,1,
WY,20053,1,HU,2024,2,5/1/2024,L,2,2,1,2
WY,20053,1,HU,2024,3,5/1/2024,L,1,2,1,2
WY,20053,1,HU,2024,4,5/1/2024,S,2,2,1,
WY,20053,1,HU,2024,4,5/1/2024,L,1,2,1,2
WY,20053,1,HU,2024,6,5/1/2024,S,2,2,1,
WY,20053,1,HU,2024,6,5/1/2024,S,1,2,1,
WY,20053,1,HU,2024,6,5/1/2024,S,2,2,1,
WY,20053,1,HU,2024,7,5/1/2024,S,1,2,1,
WY,20039,1,HU,2024,2,5/1/2024,S,1,2,1,
WY,20039,1,HU,2024,3,5/1/2024,S,2,2,1,
WY,20039,1,HU,2024,3,5/1/2024,S,1,2,1,
WY,20039,1,HU,2024,4,5/1/2024,S,1,2,1,
WY,20039,1,HU,2024,4,5/1/2024,L,1,2,1,1
WY,20039,1,HU,2024,4,5/1/2024,L,1,2,1,1
WY,20039,1,HU,2024,5,5/1/2024,S,1,2,1,
WY,20039,1,HU,2024,5,5/1/2024,S,2,2,1,
WY,20039,1,HU,2024,5,5/1/2024,S,2,2,1,
WY,20039,1,HU,2024,5,5/1/2024,L,2,2,1,1
WY,20039,1,HU,2024,5,5/1/2024,L,1,2,1,1
WY,20039,1,HU,2024,6,5/1/2024,S,2,2,1,
WY,20039,1,HU,2024,6,5/1/2024,S,1,2,1,
WY,20039,1,HU,2024,6,5/1/2024,S,2,2,1,
WY,20039,1,HU,2024,7,5/1/2024,S,2,2,1,
ODF,12806,1,BU,2024,1,5/2/2024,L,1,2,3,3
ODF,12806,1,BU,2024,2,5/2/2024,L,1,2,3,3
ODF,12806,1,BU,2024,2,5/2/2024,L,1,2,2,1
ODF,12806,1,BU,2024,3,5/2/2024,S,2,2,3,
ODF,12806,1,BU,2024,3,5/2/2024,S,1,2,3,
ODF,12806,1,BU,2024,3,5/2/2024,L,2,2,3,3
ODF,12806,1,BU,2024,4,5/2/2024,L,2,2,2,3
ODF,12806,1,BU,2024,4,5/2/2024,L,1,2,2,3
ODF,12806,1,BU,2024,5,5/2/2024,L,1,2,2,2
ODF,12806,1,BU,2024,6,5/2/2024,S,2,2,2,
ODF,12806,1,BU,2024,6,5/2/2024,L,2,2,2,3
ODF,12806,1,BU,2024,7,5/2/2024,L,1,2,2,3
ODF,12806,1,BU,2024,7,5/2/2024,L,2,2,2,1
ODF,12349,1,BU,2024,1,5/2/2024,L,2,2,3,1
ODF,12349,1,BU,2024,1,5/2/2024,S,1,2,3,
ODF,12349,1,BU,2024,1,5/2/2024,S,2,2,3,
ODF,12349,1,BU,2024,2,5/2/2024,L,1,2,2,3
ODF,12349,1,BU,2024,2,5/2/2024,L,1,2,2,3
ODF,12349,1,BU,2024,3,5/2/2024,L,1,2,2,3
ODF,12349,1,BU,2024,4,5/2/2024,S,2,2,2,
ODF,12349,1,BU,2024,4,5/2/2024,S,2,2,2,
ODF,12349,1,BU,2024,4,5/2/2024,L,1,2,3,2
ODF,12349,1,BU,2024,4,5/2/2024,L,1,2,2,3
ODF,12349,1,BU,2024,5,5/2/2024,S,2,2,2,1
ODF,12349,1,BU,2024,6,5/2/2024,L,2,2,2,3
ODF,12349,1,BU,2024,6,5/2/2024,L,1,2,2,2
ODF,12349,1,BU,2024,6,5/2/2024,L,2,2,2,3
ODF,12349,1,BU,2024,6,5/2/2024,S,2,2,2,
ODF,12349,1,BU,2024,7,5/2/2024,L,2,2,2,3
ODF,12349,1,BU,2024,7,5/2/2024,S,1,2,2,
ODF,12805,1,BU,2024,1,4/30/2024,S,2,2,3,
ODF,12805,1,BU,2024,1,4/30/2024,S,2,2,3,
ODF,12805,1,BU,2024,1,4/30/2024,L,1,2,3,3
ODF,12805,1,BU,2024,1,4/30/2024,L,1,2,3,2
ODF,12805,1,BU,2024,2,4/30/2024,S,2,2,2,
ODF,12805,1,BU,2024,2,4/30/2024,S,2,2,3,
ODF,12805,1,BU,2024,3,4/30/2024,S,2,2,2,
ODF,12805,1,BU,2024,3,4/30/2024,L,1,2,2,1
ODF,12805,1,BU,2024,3,4/30/2024,L,1,2,2,2
ODF,12805,1,BU,2024,4,4/30/2024,L,1,2,3,1
ODF,12805,1,BU,2024,4,4/30/2024,L,1,2,3,1
ODF,12805,1,BU,2024,4,4/30/2024,S,1,2,2,
ODF,12805,1,BU,2024,4,4/30/2024,S,2,2,2,
ODF,12805,1,BU,2024,5,4/30/2024,S,2,2,3,
ODF,12805,1,BU,2024,5,4/30/2024,L,1,2,2,1
ODF,12805,1,BU,2024,6,4/30/2024,L,2,2,3,2
ODF,12805,1,BU,2024,7,4/30/2024,S,1,2,3,
ODF,12805,1,BU,2024,7,4/30/2024,S,2,2,3,
ODF,12804,1,BU,2024,2,4/30/2024,S,2,2,3,
ODF,12804,1,BU,2024,3,4/30/2024,L,2,2,2,3
ODF,12804,1,BU,2024,3,4/30/2024,S,2,2,2,
ODF,12804,1,BU,2024,3,4/30/2024,S,1,2,2,
ODF,12804,1,BU,2024,4,4/30/2024,L,2,2,2,3
ODF,12804,1,BU,2024,4,4/30/2024,L,2,2,2,3
ODF,12804,1,BU,2024,5,4/30/2024,L,1,2,2,2
ODF,12804,1,BU,2024,6,4/30/2024,L,1,2,2,3
ODF,12804,1,BU,2024,6,4/30/2024,L,2,2,3,3
ODF,12804,1,BU,2024,6,4/30/2024,L,1,2,2,2
ODF,12804,1,BU,2024,6,4/30/2024,S,1,2,3,
ODF,12804,1,BU,2024,6,4/30/2024,L,1,2,2,2
ODF,12804,1,BU,2024,6,4/30/2024,L,1,2,2,2
ODF,12804,1,BU,2024,7,4/30/2024,L,1,2,2,3
ODF,12033,1,BU,2024,1,5/13/2024,L,1,2,2,2
ODF,12033,1,BU,2024,2,5/13/2024,S,2,2,3,
ODF,12033,1,BU,2024,2,5/13/2024,S,2,2,3,
ODF,12033,1,BU,2024,2,5/13/2024,S,2,2,3,
ODF,12033,1,BU,2024,2,5/13/2024,S,2,2,3,
ODF,12033,1,BU,2024,2,5/13/2024,L,2,2,2,2
ODF,12033,1,BU,2024,2,5/13/2024,L,1,2,2,3
ODF,12033,1,BU,2024,2,5/13/2024,L,1,2,2,2
ODF,12033,1,BU,2024,3,5/13/2024,L,1,2,2,3
ODF,12033,1,BU,2024,4,5/13/2024,L,1,2,3,3
ODF,12033,1,BU,2024,4,5/13/2024,L,1,2,2,1
ODF,12033,1,BU,2024,5,5/13/2024,S,1,2,3,
ODF,12033,1,BU,2024,5,5/13/2024,L,1,2,3,3
ODF,12033,1,BU,2024,6,5/13/2024,S,2,2,2,
ODF,12033,1,BU,2024,6,5/13/2024,S,1,2,3,
ODF,12033,1,BU,2024,6,5/13/2024,S,1,2,3,
ODF,12033,1,BU,2024,6,5/13/2024,S,1,2,3,
ODF,12033,1,BU,2024,6,5/13/2024,L,2,2,3,2
ODF,12033,1,BU,2024,6,5/13/2024,L,1,2,2,3
ODF,12033,1,BU,2024,7,5/13/2024,S,2,2,2,
ODF,12033,1,BU,2024,7,5/13/2024,S,1,2,2,
ODF,12033,1,BU,2024,7,5/13/2024,S,1,2,3,
ODF,12033,1,BU,2024,7,5/13/2024,L,1,2,2,3
ODF,12033,1,BU,2024,7,5/13/2024,L,1,2,2,2
ODF,12421,1,BU,2024,1,5/14/2024,S,2,2,3,
ODF,12421,1,BU,2024,2,5/14/2024,L,1,2,2,3
ODF,12421,1,BU,2024,2,5/14/2024,L,1,2,2,1
ODF,12421,1,BU,2024,4,5/14/2024,L,2,2,3,3
ODF,12421,1,BU,2024,5,5/14/2024,S,1,2,2,
ODF,12421,1,BU,2024,6,5/14/2024,S,2,2,3,
ODF,12421,1,BU,2024,6,5/14/2024,S,1,2,3,
ODF,12421,1,BU,2024,6,5/14/2024,L,1,2,2,1
ODF,12421,1,BU,2024,7,5/14/2024,L,1,2,2,1
ODF,12421,1,BU,2024,7,5/14/2024,S,1,2,3,
ODF,12441,1,BU,2024,1,5/14/2024,S,1,2,2,
ODF,12441,1,BU,2024,1,5/14/2024,L,1,2,2,3
ODF,12441,1,BU,2024,1,5/14/2024,S,1,2,2,
ODF,12441,1,BU,2024,1,5/14/2024,L,1,2,2,1
ODF,12441,1,BU,2024,2,5/14/2024,S,2,2,2,
ODF,12441,1,BU,2024,2,5/14/2024,L,2,2,3,3
ODF,12441,1,BU,2024,3,5/14/2024,L,2,2,2,3
ODF,12441,1,BU,2024,3,5/14/2024,S,1,2,2,
ODF,12441,1,BU,2024,4,5/14/2024,S,2,2,3,
ODF,12441,1,BU,2024,5,5/14/2024,L,1,2,2,2
ODF,12441,1,BU,2024,6,5/14/2024,L,1,2,3,3
ODF,12441,1,BU,2024,7,5/14/2024,L,1,2,3,3
WY,10403,1,BS,2024,1,5/15/2024,L,1,2,3,3
WY,10403,1,BS,2024,1,5/15/2024,S,1,2,2,
WY,10403,1,BS,2024,2,5/15/2024,S,1,2,2,
WY,10403,1,BS,2024,2,5/15/2024,S,2,2,2,
WY,10403,1,BS,2024,2,5/15/2024,S,1,2,2,
WY,10403,1,BS,2024,2,5/15/2024,S,1,2,2,
WY,10403,1,BS,2024,3,5/15/2024,L,1,2,3,1
WY,10403,1,BS,2024,3,5/15/2024,L,1,2,2,1
WY,10403,1,BS,2024,3,5/15/2024,L,1,2,2,1
WY,10403,1,BS,2024,4,5/15/2024,S,1,2,3,
WY,10403,1,BS,2024,4,5/15/2024,S,2,2,3,
WY,10403,1,BS,2024,4,5/15/2024,S,2,2,3,
WY,10403,1,BS,2024,4,5/15/2024,S,1,2,3,
WY,10403,1,BS,2024,4,5/15/2024,L,1,2,3,1
WY,10403,1,BS,2024,4,5/15/2024,L,1,2,3,2
WY,10403,1,BS,2024,5,5/15/2024,S,1,2,2,
WY,10403,1,BS,2024,5,5/15/2024,L,1,2,1,1
WY,10403,1,BS,2024,6,5/15/2024,S,2,2,2,
WY,10403,1,BS,2024,7,5/15/2024,L,1,2,2,2
WY,10444,1,HU,2024,1,5/15/2024,S,1,2,1,
WY,10444,1,HU,2024,3,5/15/2024,L,1,2,1,2
WY,10444,1,HU,2024,3,5/15/2024,S,2,2,1,
WY,10444,1,HU,2024,3,5/15/2024,S,2,2,1,
WY,10444,1,HU,2024,4,5/15/2024,L,1,2,1,1
WY,10444,1,HU,2024,4,5/15/2024,L,1,2,1,1
WY,10444,1,HU,2024,4,5/15/2024,L,2,2,1,1
WY,10444,1,HU,2024,4,5/15/2024,S,1,2,1,
WY,10444,1,HU,2024,4,5/15/2024,S,2,2,1,
WY,10444,1,HU,2024,5,5/15/2024,L,1,2,1,1
WY,10444,1,HU,2024,5,5/15/2024,L,1,2,1,2
WY,10444,1,HU,2024,6,5/15/2024,S,1,2,1,
WY,10444,1,HU,2024,7,5/15/2024,S,2,2,1,
WY,10444,1,HU,2024,7,5/15/2024,S,2,2,1,
WY,10444,1,HU,2024,7,5/15/2024,S,2,2,1,
WY,10444,1,HU,2024,7,5/15/2024,L,1,2,1,1
WY,11084,1,BS,2024,1,5/9/2024,S,1,2,3,
WY,11084,1,BS,2024,1,5/9/2024,S,1,2,3,
WY,11084,1,BS,2024,1,5/9/2024,S,1,2,2,
WY,11084,1,BS,2024,1,5/9/2024,S,2,2,3,
WY,11084,1,BS,2024,1,5/9/2024,L,2,2,2,1
WY,11084,1,BS,2024,1,5/9/2024,L,1,2,2,2
WY,11084,1,BS,2024,1,5/9/2024,L,1,2,2,1
WY,11084,1,BS,2024,2,5/9/2024,S,1,2,3,
WY,11084,1,BS,2024,2,5/9/2024,S,1,2,3,
WY,11084,1,BS,2024,3,5/9/2024,S,2,2,2,
WY,11084,1,BS,2024,3,5/9/2024,S,2,2,3,
WY,11084,1,BS,2024,3,5/9/2024,S,2,2,3,
WY,11084,1,BS,2024,3,5/9/2024,S,2,2,2,
WY,11084,1,BS,2024,5,5/9/2024,L,1,2,3,1
WY,11084,1,BS,2024,6,5/9/2024,S,1,2,3,
WY,11084,1,BS,2024,6,5/9/2024,L,1,2,3,3
WY,11084,1,BS,2024,7,5/9/2024,L,1,2,3,2
WY,11084,1,BS,2024,7,5/9/2024,L,1,2,3,2
WY,10968,1,HU,2024,1,5/7/2024,S,2,2,1,
WY,10968,1,HU,2024,2,5/7/2024,S,2,2,1,
WY,10968,1,HU,2024,2,5/7/2024,S,1,2,1,
WY,10968,1,HU,2024,3,5/7/2024,S,2,2,1,
WY,10968,1,HU,2024,3,5/7/2024,S,2,2,1,
WY,10968,1,HU,2024,4,5/7/2024,S,2,2,1,
WY,10968,1,HU,2024,4,5/7/2024,S,2,2,1,
WY,10968,1,HU,2024,7,5/7/2024,S,1,2,1,
WY,10399,1,HU,2024,1,5/7/2024,S,1,2,1,
WY,10399,1,HU,2024,1,5/7/2024,S,2,2,1,
WY,10399,1,HU,2024,1,5/7/2024,L,2,2,1,3
WY,10399,1,HU,2024,2,5/7/2024,S,2,2,1,
WY,10399,1,HU,2024,2,5/7/2024,S,2,2,1,
WY,10399,1,HU,2024,2,5/7/2024,L,2,2,1,3
WY,10399,1,HU,2024,3,5/7/2024,S,1,2,1,
WY,10399,1,HU,2024,3,5/7/2024,S,2,2,1,
WY,10399,1,HU,2024,3,5/7/2024,S,2,2,1,
WY,10399,1,HU,2024,3,5/7/2024,L,1,2,1,
WY,10399,1,HU,2024,4,5/7/2024,S,2,2,1,
WY,10399,1,HU,2024,4,5/7/2024,L,1,2,1,3
WY,10399,1,HU,2024,5,5/7/2024,S,1,2,1,
WY,10399,1,HU,2024,5,5/7/2024,L,1,2,1,2
WY,10399,1,HU,2024,5,5/7/2024,L,2,2,1,2
WY,10399,1,HU,2024,5,5/7/2024,L,2,2,1,1
WY,10399,1,HU,2024,6,5/7/2024,S,2,2,1,
WY,10399,1,HU,2024,6,5/7/2024,S,2,2,1,
WY,10399,1,HU,2024,6,5/7/2024,S,2,2,1,
WY,10399,1,HU,2024,6,5/7/2024,L,1,2,1,3
WY,10399,1,HU,2024,7,5/7/2024,S,2,2,1,
WY,10399,1,HU,2024,7,5/7/2024,L,1,2,1,2
PB,408143,1,HU,2024,1,5/8/2024,S,2,2,2,
PB,408143,1,HU,2024,1,5/8/2024,L,2,2,2,
PB,408143,1,HU,2024,5,5/8/2024,S,2,2,2,
PB,408143,1,HU,2024,5,5/8/2024,S,1,2,2,
PB,408143,1,HU,2024,6,5/8/2024,L,1,2,1,1
PB,408143,1,HU,2024,6,5/8/2024,S,1,2,1,
PB,408143,1,HU,2024,7,5/8/2024,L,1,2,1,1
PB,408143,1,HU,2024,7,5/8/2024,L,1,2,1,1
PB,408143,1,HU,2024,7,5/8/2024,S,1,2,1,
WY,10153,1,BS,2024,1,5/8/2024,L,1,2,2,3
WY,10153,1,BS,2024,1,5/8/2024,S,2,2,3,
WY,10153,1,BS,2024,2,5/8/2024,S,2,2,3,
WY,10153,1,BS,2024,2,5/8/2024,S,2,2,3,
WY,10153,1,BS,2024,2,5/8/2024,S,2,2,3,
WY,10153,1,BS,2024,2,5/8/2024,S,2,2,3,
WY,10153,1,BS,2024,2,5/8/2024,L,1,2,3,1
WY,10153,1,BS,2024,3,5/8/2024,S,2,2,3,
WY,10153,1,BS,2024,3,5/8/2024,L,1,2,2,1
WY,10153,1,BS,2024,4,5/8/2024,S,2,2,3,
WY,10153,1,BS,2024,4,5/8/2024,S,2,2,3,
WY,10153,1,BS,2024,4,5/8/2024,L,1,2,2,1
WY,10153,1,BS,2024,4,5/8/2024,L,1,2,2,2
WY,10153,1,BS,2024,5,5/8/2024,S,2,2,2,
WY,10153,1,BS,2024,5,5/8/2024,L,1,2,2,3
WY,10153,1,BS,2024,5,5/8/2024,L,1,2,2,1
WY,10153,1,BS,2024,6,5/8/2024,S,2,2,2,
WY,10153,1,BS,2024,7,5/8/2024,S,2,2,3,
WY,11081,1,BS,2024,1,5/9/2024,S,1,2,3,
WY,11081,1,BS,2024,1,5/9/2024,S,1,2,3,
WY,11081,1,BS,2024,2,5/9/2024,S,1,2,3,
WY,11081,1,BS,2024,3,5/9/2024,S,1,2,3,
WY,11081,1,BS,2024,3,5/9/2024,L,1,2,2,1
WY,11081,1,BS,2024,3,5/9/2024,S,1,2,2,
WY,11081,1,BS,2024,3,5/9/2024,S,1,2,2,
WY,11081,1,BS,2024,4,5/9/2024,S,1,2,2,
WY,11081,1,BS,2024,5,5/9/2024,S,2,2,3,
WY,11081,1,BS,2024,5,5/9/2024,S,2,2,3,
WY,11081,1,BS,2024,5,5/9/2024,S,1,2,2,
WY,11081,1,BS,2024,5,5/9/2024,L,1,2,2,1
WY,11081,1,BS,2024,5,5/9/2024,L,1,2,3,1
WY,11081,1,BS,2024,6,5/9/2024,S,1,2,3,
WY,11081,1,BS,2024,6,5/9/2024,S,1,2,3,
WY,11081,1,BS,2024,6,5/9/2024,S,1,2,3,
WY,11081,1,BS,2024,6,5/9/2024,S,1,2,3,
WY,11081,1,BS,2024,6,5/9/2024,S,1,2,3,
WY,11081,1,BS,2024,7,5/9/2024,S,2,2,3,
WY,10185,1,BS,2024,1,5/21/2024,S,1,2,3,
WY,10185,1,BS,2024,2,5/21/2024,S,1,2,2,
WY,10185,1,BS,2024,2,5/21/2024,L,1,2,2,3
WY,10185,1,BS,2024,2,5/21/2024,L,1,2,2,2
WY,10185,1,BS,2024,2,5/21/2024,L,1,2,3,3
WY,10185,1,BS,2024,2,5/21/2024,S,2,2,3,
WY,10185,1,BS,2024,2,5/21/2024,S,2,2,3,
WY,10185,1,BS,2024,3,5/21/2024,S,1,2,3,
WY,10185,1,BS,2024,3,5/21/2024,S,2,2,3,
WY,10185,1,BS,2024,3,5/21/2024,S,2,2,3,
WY,10185,1,BS,2024,3,5/21/2024,L,2,2,3,1
WY,10185,1,BS,2024,3,5/21/2024,L,1,2,3,2
WY,10185,1,BS,2024,3,5/21/2024,L,1,2,3,2
WY,10185,1,BS,2024,3,5/21/2024,L,1,2,2,2
WY,10185,1,BS,2024,4,5/21/2024,L,1,2,3,1
WY,10185,1,BS,2024,4,5/21/2024,L,1,2,3,1
WY,10185,1,BS,2024,4,5/21/2024,L,1,2,3,3
WY,10185,1,BS,2024,4,5/21/2024,L,1,2,3,2
WY,10185,1,BS,2024,5,5/21/2024,S,2,2,2,
WY,10185,1,BS,2024,5,5/21/2024,S,2,2,3,
WY,10185,1,BS,2024,5,5/21/2024,S,1,2,3,
WY,10185,1,BS,2024,6,5/21/2024,S,2,2,3,
WY,10185,1,BS,2024,6,5/21/2024,S,2,2,3,
WY,10185,1,BS,2024,7,5/21/2024,L,1,2,2,1
WY,10597,1,HB,2024,1,5/21/2024,S,1,2,3,
WY,10597,1,HB,2024,1,5/21/2024,S,2,2,3,
WY,10597,1,HB,2024,1,5/21/2024,S,1,2,3,
WY,10597,1,HB,2024,1,5/21/2024,S,2,2,3,
WY,10597,1,HB,2024,1,5/21/2024,L,1,2,3,3
WY,10597,1,HB,2024,1,5/21/2024,L,1,2,3,1
WY,10597,1,HB,2024,1,5/21/2024,L,1,2,2,2
WY,10597,1,HB,2024,1,5/21/2024,L,1,2,2,3
WY,10597,1,HB,2024,1,5/21/2024,L,1,2,3,2
WY,10597,1,HB,2024,2,5/21/2024,S,2,2,3,
WY,10597,1,HB,2024,2,5/21/2024,S,2,2,3,
WY,10597,1,HB,2024,2,5/21/2024,S,2,2,3,
WY,10597,1,HB,2024,2,5/21/2024,S,2,2,3,
WY,10597,1,HB,2024,2,5/21/2024,S,1,2,3,
WY,10597,1,HB,2024,2,5/21/2024,S,2,2,3,
WY,10597,1,HB,2024,2,5/21/2024,L,1,2,3,1
WY,10597,1,HB,2024,2,5/21/2024,L,1,2,3,2
WY,10597,1,HB,2024,2,5/21/2024,L,2,2,3,2
WY,10597,1,HB,2024,3,5/21/2024,S,2,2,2,
WY,10597,1,HB,2024,3,5/21/2024,S,2,2,3,
WY,10597,1,HB,2024,3,5/21/2024,S,1,2,3,
WY,10597,1,HB,2024,3,5/21/2024,S,2,2,3,
WY,10597,1,HB,2024,4,5/21/2024,S,2,2,2,
WY,10597,1,HB,2024,4,5/21/2024,S,2,2,3,
WY,10597,1,HB,2024,4,5/21/2024,L,2,2,3,
WY,10597,1,HB,2024,5,5/21/2024,S,2,2,3,
WY,10597,1,HB,2024,5,5/21/2024,L,1,2,3,1
WY,10597,1,HB,2024,5,5/21/2024,S,2,2,3,
WY,10597,1,HB,2024,5,5/21/2024,L,1,2,3,1
WY,10597,1,HB,2024,6,5/21/2024,S,1,2,3,
WY,10597,1,HB,2024,6,5/21/2024,L,1,2,2,1
WY,10597,1,HB,2024,6,5/21/2024,L,1,2,2,1
WY,10597,1,HB,2024,6,5/21/2024,L,1,2,3,1
WY,10597,1,HB,2024,7,5/21/2024,S,1,2,3,
WY,10597,1,HB,2024,7,5/21/2024,S,2,2,3,
WY,10597,1,HB,2024,7,5/21/2024,S,1,2,3,
WY,10597,1,HB,2024,7,5/21/2024,S,1,2,3,
WY,10597,1,HB,2024,7,5/21/2024,L,1,2,2,2
WY,10597,1,HB,2024,7,5/21/2024,S,1,2,3,
ODF,12098,1,BU,2024,1,5/23/2024,S,2,2,3,
ODF,12098,1,BU,2024,1,5/23/2024,S,2,2,2,
ODF,12098,1,BU,2024,1,5/23/2024,L,2,2,2,3
ODF,12098,1,BU,2024,1,5/23/2024,L,2,2,2,3
ODF,12098,1,BU,2024,1,5/23/2024,S,2,2,2,
ODF,12098,1,BU,2024,2,5/23/2024,L,1,2,3,3
ODF,12098,1,BU,2024,3,5/23/2024,L,1,2,2,2
ODF,12098,1,BU,2024,3,5/23/2024,L,1,2,2,2
ODF,12098,1,BU,2024,4,5/23/2024,L,2,2,2,3
ODF,12098,1,BU,2024,6,5/23/2024,S,2,2,2,
ODF,12098,1,BU,2024,6,5/23/2024,S,2,2,3,
ODF,12098,1,BU,2024,6,5/23/2024,S,1,2,3,
WY,20626,1,HU,2024,1,5/23/2024,S,1,2,1,
WY,20626,1,HU,2024,2,5/23/2024,L,1,2,1,3
WY,20626,1,HU,2024,4,5/23/2024,S,2,2,1,
WY,20626,1,HU,2024,4,5/23/2024,L,2,2,1,3
WY,20626,1,HU,2024,5,5/23/2024,L,2,2,2,1
WY,20626,1,HU,2024,7,5/23/2024,S,1,2,1,
WY,20626,1,HU,2024,7,5/23/2024,S,1,2,1,
WY,10471.1,1,BS,2024,2,5/27/2024,S,2,2,3,
WY,10471.1,1,BS,2024,2,5/27/2024,L,2,2,3,2
WY,10471.1,1,BS,2024,3,5/27/2024,L,1,2,2,2
WY,10471.1,1,BS,2024,3,5/27/2024,L,2,2,2,2
WY,10471.1,1,BS,2024,3,5/27/2024,L,1,2,3,1
WY,10471.1,1,BS,2024,3,5/27/2024,L,1,2,3,2
WY,10471.1,1,BS,2024,3,5/27/2024,L,1,2,3,1
WY,10471.1,1,BS,2024,3,5/27/2024,L,1,2,2,2
WY,10471.1,1,BS,2024,3,5/27/2024,L,1,2,3,3
WY,10471.1,1,BS,2024,3,5/27/2024,S,1,2,2,
WY,10471.1,1,BS,2024,3,5/27/2024,S,1,2,3,
WY,10471.1,1,BS,2024,4,5/27/2024,S,2,2,3,
WY,10471.1,1,BS,2024,4,5/27/2024,S,1,2,3,
WY,10471.1,1,BS,2024,4,5/27/2024,S,1,2,2,
WY,10471.1,1,BS,2024,4,5/27/2024,S,1,2,2,
WY,10471.1,1,BS,2024,4,5/27/2024,S,1,2,3,
WY,10471.1,1,BS,2024,4,5/27/2024,L,1,2,3,1
WY,10471.1,1,BS,2024,4,5/27/2024,S,2,2,3,
WY,10471.1,1,BS,2024,4,5/27/2024,S,1,2,3,
WY,10471.1,1,BS,2024,5,5/27/2024,L,1,2,3,3
WY,10471.1,1,BS,2024,5,5/27/2024,S,1,2,3,
WY,10471.1,1,BS,2024,5,5/27/2024,S,1,2,3,
WY,10471.1,1,BS,2024,6,5/27/2024,L,1,2,3,3
WY,10471.1,1,BS,2024,6,5/27/2024,S,2,2,3,
WY,10471.1,1,BS,2024,6,5/27/2024,L,1,2,2,1
WY,10471.1,1,BS,2024,7,5/27/2024,L,1,2,3,3
WY,10471.1,1,BS,2024,7,5/27/2024,S,1,2,3,
WY,10471.1,1,BS,2024,7,5/27/2024,S,2,2,3,
WY,10422.2,2,BS,2024,1,5/27/2024,S,2,2,2,
WY,10422.2,2,BS,2024,2,5/27/2024,S,1,2,2,
WY,10422.2,2,BS,2024,2,5/27/2024,L,1,2,2,1
WY,10422.2,2,BS,2024,3,5/27/2024,S,1,2,2,
WY,10422.2,2,BS,2024,3,5/27/2024,S,1,2,2,
WY,10422.2,2,BS,2024,3,5/27/2024,S,1,2,3,
WY,10422.2,2,BS,2024,3,5/27/2024,S,2,2,3,
WY,10422.2,2,BS,2024,3,5/27/2024,L,1,2,2,2
WY,10422.2,2,BS,2024,4,5/27/2024,L,1,2,3,2
WY,10422.2,2,BS,2024,5,5/27/2024,S,2,2,3,
WY,10422.2,2,BS,2024,5,5/27/2024,S,1,2,2,
WY,10422.2,2,BS,2024,5,5/27/2024,S,2,2,3,
WY,10422.2,2,BS,2024,6,5/27/2024,S,2,2,2,
WY,10422.2,2,BS,2024,6,5/27/2024,S,2,2,2,
WY,10422.2,2,BS,2024,6,5/27/2024,L,1,2,2,
WY,10422.2,2,BS,2024,7,5/27/2024,S,2,2,3,
WY,10422.2,2,BS,2024,7,5/27/2024,S,2,2,3,
WY,10471.2,2,BS,2024,1,5/27/2024,S,2,2,3,
WY,10471.2,2,BS,2024,1,5/27/2024,S,2,2,3,
WY,10471.2,2,BS,2024,1,5/27/2024,S,2,2,3,
WY,10471.2,2,BS,2024,3,5/27/2024,S,2,2,3,
WY,10471.2,2,BS,2024,3,5/27/2024,L,1,2,3,1
WY,10471.2,2,BS,2024,5,5/27/2024,S,2,2,2,
WY,10471.2,2,BS,2024,5,5/27/2024,S,1,2,3,
WY,10471.2,2,BS,2024,5,5/27/2024,S,2,2,2,
WY,10471.2,2,BS,2024,6,5/27/2024,S,2,2,2,
WY,10471.2,2,BS,2024,6,5/27/2024,S,2,2,2,
WY,10471.2,2,BS,2024,6,5/27/2024,S,2,2,2,
WY,10471.2,2,BS,2024,6,5/27/2024,S,2,2,2,
WY,10471.2,2,BS,2024,6,5/27/2024,L,1,2,2,1
WY,10471.2,2,BS,2024,7,5/27/2024,L,1,2,2,3
WY,10471.2,2,BS,2024,7,5/27/2024,S,2,2,2,
WY,10471.2,2,BS,2024,7,5/27/2024,S,1,2,2,
WY,10471.2,2,BS,2024,7,5/27/2024,S,1,2,2,
WY,10078,1,HB,2024,2,4/3/2024,L,2,3,2,1
WY,10078,1,HB,2024,3,4/3/2024,L,1,3,3,2
WY,10078,1,HB,2024,5,4/3/2024,S,2,3,3,
WY,10078,1,HB,2024,5,4/3/2024,S,1,3,3,
BLM,29431,1,UU,2024,1,4/2/2024,L,2,3,1,2
BLM,29431,1,UU,2024,2,4/2/2024,L,2,3,1,3
BLM,29431,1,UU,2024,2,4/2/2024,L,1,3,1,2
BLM,29431,1,UU,2024,2,4/2/2024,S,2,3,1,
BLM,29431,1,UU,2024,2,4/2/2024,L,2,3,1,2
BLM,29431,1,UU,2024,3,4/2/2024,S,2,3,1,
BLM,29431,1,UU,2024,3,4/2/2024,L,2,3,1,3
BLM,29431,1,UU,2024,4,4/2/2024,L,1,3,1,1
BLM,29431,1,UU,2024,5,4/2/2024,S,2,3,1,
BLM,29431,1,UU,2024,7,4/2/2024,S,2,3,1,
WY,10506,1,BS,2024,1,3/26/2024,S,2,3,3,
WY,10506,1,BS,2024,1,3/26/2024,S,2,3,2,
WY,10506,1,BS,2024,1,3/26/2024,L,1,3,2,1
WY,10506,1,BS,2024,2,3/26/2024,S,1,3,3,
WY,10506,1,BS,2024,2,3/26/2024,L,1,3,3,1
WY,10506,1,BS,2024,2,3/26/2024,L,1,3,3,1
WY,10506,1,BS,2024,2,3/26/2024,S,2,3,3,
WY,10506,1,BS,2024,2,3/26/2024,S,2,3,3,
WY,10506,1,BS,2024,3,3/26/2024,S,2,3,2,
WY,10024,1,BS,2024,2,3/26/2024,S,1,3,3,
WY,10024,1,BS,2024,4,3/26/2024,L,2,3,3,3
WY,10024,1,BS,2024,4,3/26/2024,L,1,3,2,1
WY,10024,1,BS,2024,4,3/26/2024,L,2,3,3,3
WY,10024,1,BS,2024,4,3/26/2024,L,1,3,3,2
WY,10024,1,BS,2024,5,3/26/2024,L,1,3,3,2
WY,10024,1,BS,2024,6,3/26/2024,L,1,3,3,2
BLM,15562,1,BU,2024,1,4/1/2024,L,2,3,2,3
BLM,15562,1,BU,2024,2,4/1/2024,S,2,3,2,
BLM,15562,1,BU,2024,4,4/1/2024,S,2,3,2,
BLM,15562,1,BU,2024,6,4/1/2024,L,2,3,3,
BLM,13924,1,UU,2024,3,4/1/2024,L,2,3,1,3
BLM,13924,1,UU,2024,3,4/1/2024,S,2,3,1,
BLM,13924,1,UU,2024,3,4/1/2024,L,1,3,1,2
BLM,13924,1,UU,2024,4,4/1/2024,L,2,3,1,3
BLM,13924,1,UU,2024,4,4/1/2024,L,1,3,1,2
BLM,13924,1,UU,2024,4,4/1/2024,S,2,3,1,
BLM,13924,1,UU,2024,4,4/1/2024,S,2,3,1,
BLM,13924,1,UU,2024,4,4/1/2024,L,1,3,1,1
BLM,13924,1,UU,2024,5,4/1/2024,L,1,3,1,3
BLM,13924,1,UU,2024,5,4/1/2024,L,1,3,1,3
BLM,13924,1,UU,2024,6,4/1/2024,L,1,3,1,3
BLM,13924,1,UU,2024,6,4/1/2024,L,2,3,1,3
BLM,13924,1,UU,2024,7,4/1/2024,L,1,3,1,2
PB,34017,1,HU,2024,7,3/28/2024,L,1,3,1,1
PB,34017,1,HU,2024,6,3/28/2024,L,1,3,1,1
BLM,29123,1,UU,2024,1,3/27/2024,L,1,3,1,1
BLM,29123,1,UU,2024,2,3/27/2024,L,1,3,1,2
BLM,29123,1,UU,2024,3,3/27/2024,L,1,3,1,2
BLM,29123,1,UU,2024,5,3/27/2024,L,2,3,1,3
BLM,29123,1,UU,2024,5,3/27/2024,L,2,3,1,3
BLM,29123,1,UU,2024,5,3/27/2024,L,1,3,1,2
BLM,29123,1,UU,2024,7,3/27/2024,L,1,3,1,3
BLM,29122,1,UU,2024,1,3/27/2024,L,2,3,1,3
BLM,29122,1,UU,2024,1,3/27/2024,L,2,3,1,2
BLM,29122,1,UU,2024,1,3/27/2024,L,1,3,1,3
BLM,29122,1,UU,2024,1,3/27/2024,S,2,3,1,
BLM,29122,1,UU,2024,2,3/27/2024,S,2,3,1,
BLM,29122,1,UU,2024,2,3/27/2024,L,2,3,1,3
BLM,29122,1,UU,2024,3,3/27/2024,L,2,3,1,3
BLM,29122,1,UU,2024,3,3/27/2024,S,2,3,1,
BLM,29122,1,UU,2024,3,3/27/2024,S,2,3,1,
BLM,29122,1,UU,2024,3,3/27/2024,L,1,3,1,1
BLM,29122,1,UU,2024,4,3/27/2024,L,2,3,1,3
BLM,29122,1,UU,2024,4,3/27/2024,L,1,3,1,2
BLM,29122,1,UU,2024,4,3/27/2024,S,1,3,1,
BLM,29122,1,UU,2024,4,3/27/2024,L,2,3,1,
BLM,29121,1,UU,2024,2,3/25/2024,L,2,3,1,3
BLM,29121,1,UU,2024,3,3/25/2024,L,2,3,1,2
BLM,29121,1,UU,2024,3,3/25/2024,L,2,3,1,2
BLM,29121,1,UU,2024,4,3/25/2024,L,2,3,1,3
BLM,29121,1,UU,2024,4,3/25/2024,L,2,3,1,3
BLM,29121,1,UU,2024,4,3/25/2024,S,2,3,1,
BLM,29121,1,UU,2024,4,3/25/2024,L,2,3,1,3
BLM,29121,1,UU,2024,5,3/25/2024,S,2,3,1,
BLM,29121,1,UU,2024,5,3/25/2024,L,1,3,1,3
WY,20616,1,UU,2024,1,3/21/2024,S,1,3,1,
WY,20616,1,UU,2024,6,3/21/2024,L,2,3,1,2
WY,20616,1,UU,2024,6,3/21/2024,L,2,3,1,3
WY,20616,1,UU,2024,7,3/21/2024,L,1,3,1,3
WY,20616,1,UU,2024,7,3/21/2024,L,1,3,1,3
ODF,12776,1,BU,2024,2,4/18/2024,L,1,3,3,1
ODF,12776,1,BU,2024,2,4/18/2024,L,1,3,3,1
ODF,12560,1,BU,2024,4,4/18/2024,S,2,3,3,
ODF,12560,1,BU,2024,4,4/18/2024,S,2,3,2,
ODF,12560,1,BU,2024,5,4/18/2024,L,2,3,3,3
ODF,12560,1,BU,2024,5,4/18/2024,S,2,3,3,
ODF,12560,1,BU,2024,6,4/18/2024,L,1,3,2,2
ODF,12560,1,BU,2024,6,4/18/2024,L,1,3,1,1
BLM,29429,1,UU,2024,1,4/16/2024,L,2,3,1,3
BLM,29429,1,UU,2024,2,4/16/2024,L,2,3,1,2
BLM,29429,1,UU,2024,2,4/16/2024,L,2,3,1,1
BLM,29429,1,UU,2024,2,4/16/2024,S,2,3,1,
BLM,29429,1,UU,2024,4,4/16/2024,L,2,3,1,2
BLM,29429,1,UU,2024,4,4/16/2024,S,2,3,1,
BLM,29429,1,UU,2024,5,4/16/2024,L,2,3,1,3
BLM,29429,1,UU,2024,5,4/16/2024,S,2,3,1,
BLM,29429,1,UU,2024,5,4/16/2024,L,2,3,1,3
BLM,29429,1,UU,2024,5,4/16/2024,L,1,3,1,1
BLM,29429,1,UU,2024,5,4/16/2024,L,1,3,1,1
BLM,29429,1,UU,2024,6,4/16/2024,L,2,3,1,3
BLM,29429,1,UU,2024,6,4/16/2024,L,2,3,1,3
BLM,29429,1,UU,2024,6,4/16/2024,S,2,3,1,
BLM,29429,1,UU,2024,6,4/16/2024,L,1,3,1,1
BLM,29429,1,UU,2024,6,4/16/2024,L,1,3,1,1
BLM,29429,1,UU,2024,7,4/16/2024,S,2,3,1,
BLM,29429,1,UU,2024,7,4/16/2024,L,2,3,1,2
BLM,29429,1,UU,2024,7,4/16/2024,L,1,3,1,1
BLM,29429,1,UU,2024,7,4/16/2024,L,2,3,1,2
BLM,29429,1,UU,2024,7,4/16/2024,L,2,3,1,3
BLM,29429,1,UU,2024,7,4/16/2024,L,2,3,1,3
BLM,29429,1,UU,2024,7,4/16/2024,L,1,3,1,2
BLM,29429,1,UU,2024,7,4/16/2024,S,2,3,1,
BLM,29889,1,UU,2024,1,4/16/2024,L,2,3,1,3
BLM,29889,1,UU,2024,2,4/16/2024,L,2,3,1,3
BLM,29889,1,UU,2024,2,4/16/2024,L,2,3,1,3
BLM,29889,1,UU,2024,3,4/16/2024,L,1,3,1,2
BLM,29889,1,UU,2024,3,4/16/2024,L,1,3,1,2
BLM,29889,1,UU,2024,4,4/16/2024,L,1,3,1,2
BLM,29889,1,UU,2024,4,4/16/2024,L,1,3,1,3
BLM,29889,1,UU,2024,4,4/16/2024,S,2,3,1,
BLM,29889,1,UU,2024,5,4/16/2024,S,2,3,1,
BLM,29889,1,UU,2024,6,4/16/2024,L,1,3,1,3
BLM,29889,1,UU,2024,6,4/16/2024,L,1,3,1,1
BLM,29889,1,UU,2024,6,4/16/2024,L,2,3,1,3
BLM,29889,1,UU,2024,7,4/16/2024,L,1,3,1,1
BLM,29889,1,UU,2024,7,4/16/2024,L,1,3,1,1
ODF,12364,1,HB,2024,1,4/15/2024,L,2,3,2,2
ODF,12364,1,HB,2024,2,4/15/2024,L,1,3,2,1
ODF,12364,1,HB,2024,3,4/15/2024,L,2,3,3,3
ODF,12364,1,HB,2024,3,4/15/2024,L,1,3,2,2
ODF,12364,1,HB,2024,4,4/15/2024,L,2,3,3,2
ODF,12364,1,HB,2024,6,4/15/2024,S,1,3,3,
ODF,12364,1,HB,2024,6,4/15/2024,L,1,3,3,
ODF,12364,1,HB,2024,6,4/15/2024,L,1,3,3,
ODF,12362,1,HB,2024,1,4/15/2024,L,2,3,3,2
ODF,12362,1,HB,2024,1,4/15/2024,S,1,3,3,
ODF,12362,1,HB,2024,6,4/15/2024,L,2,3,3,3
ODF,12362,1,HB,2024,6,4/15/2024,L,1,3,3,1
ODF,12362,1,HB,2024,7,4/15/2024,L,2,3,3,3
ODF,12362,1,HB,2024,7,4/15/2024,S,1,3,3,
ODF,12362,1,HB,2024,7,4/15/2024,S,1,3,3,
ODF,12362,1,HB,2024,7,4/15/2024,L,1,3,3,3
BLM,12239,1,UU,2024,1,4/11/2024,L,2,3,1,3
BLM,12239,1,UU,2024,1,4/11/2024,L,2,3,1,3
BLM,12239,1,UU,2024,1,4/11/2024,L,2,3,1,2
BLM,12239,1,UU,2024,2,4/11/2024,L,2,3,1,3
BLM,12239,1,UU,2024,2,4/11/2024,L,1,3,1,3
BLM,12239,1,UU,2024,2,4/11/2024,L,1,3,1,3
BLM,12239,1,UU,2024,2,4/11/2024,S,2,3,1,
BLM,12239,1,UU,2024,3,4/11/2024,L,2,3,1,2
BLM,12239,1,UU,2024,4,4/11/2024,L,2,3,1,3
BLM,12239,1,UU,2024,6,4/11/2024,S,2,3,1,
BLM,12239,1,UU,2024,6,4/11/2024,L,1,3,1,3
BLM,12239,1,UU,2024,6,4/11/2024,L,1,3,1,2
BLM,12239,1,UU,2024,6,4/11/2024,L,2,3,1,2
BLM,12239,1,UU,2024,6,4/11/2024,S,2,3,1,
BLM,12239,1,UU,2024,7,4/11/2024,L,2,3,1,3
BLM,12239,1,UU,2024,7,4/11/2024,L,1,3,1,3
BLM,12239,1,UU,2024,7,4/11/2024,S,1,3,1,
BLM,12239,1,UU,2024,7,4/11/2024,S,1,3,1,
BLM,12213,1,UU,2024,5,4/11/2024,L,1,3,1,1
BLM,12213,1,UU,2024,6,4/11/2024,L,1,3,1,3
BLM,12213,1,UU,2024,6,4/11/2024,S,2,3,1,
BLM,12213,1,UU,2024,7,4/11/2024,L,2,3,1,3
WY,10467,1,HB,2024,1,4/9/2024,S,1,3,3,
WY,10467,1,HB,2024,1,4/9/2024,S,1,3,3,
WY,10467,1,HB,2024,1,4/9/2024,L,1,3,3,1
WY,10467,1,HB,2024,3,4/9/2024,L,2,3,2,3
WY,10467,1,HB,2024,4,4/9/2024,L,2,3,2,2
WY,10467,1,HB,2024,6,4/9/2024,S,1,3,3,
WY,10467,1,HB,2024,6,4/9/2024,S,2,3,3,
WY,10467,1,HB,2024,7,4/9/2024,S,2,3,3,
WY,10467,1,HB,2024,7,4/9/2024,S,1,3,3,
WY,10463,1,BS,2024,3,4/9/2024,L,2,3,2,1
WY,10463,1,BS,2024,4,4/9/2024,S,2,3,3,
WY,10463,1,BS,2024,4,4/9/2024,S,2,3,3,
WY,10463,1,BS,2024,5,4/9/2024,L,1,3,2,2
WY,10463,1,BS,2024,6,4/9/2024,L,1,3,1,1
PB,408178.1,1,BS,2024,1,4/10/2024,L,2,3,3,3
PB,408178.1,1,BS,2024,2,4/10/2024,L,1,3,3,1
PB,408178.1,1,BS,2024,2,4/10/2024,S,2,3,3,
PB,408178.1,1,BS,2024,3,4/10/2024,L,1,3,2,2
PB,408178.1,1,BS,2024,4,4/10/2024,S,1,3,3,
PB,408178.1,1,BS,2024,5,4/10/2024,L,2,3,2,2
PB,408178.1,1,BS,2024,5,4/10/2024,L,2,3,2,2
PB,408178.1,1,BS,2024,6,4/10/2024,L,2,3,2,2
PB,408178.1,1,BS,2024,7,4/10/2024,L,2,3,2,3
PB,408178.2,2,HB,2024,2,4/10/2024,S,1,3,1,
PB,408178.2,2,HB,2024,4,4/10/2024,S,2,3,3,
PB,408178.2,2,HB,2024,4,4/10/2024,S,2,3,3,
PB,408178.2,2,HB,2024,4,4/10/2024,L,1,3,3,1
PB,408178.2,2,HB,2024,4,4/10/2024,L,1,3,3,1
PB,408178.2,2,HB,2024,4,4/10/2024,L,1,3,3,1
PB,408178.2,2,HB,2024,4,4/10/2024,L,1,3,3,1
PB,408178.2,2,HB,2024,4,4/10/2024,L,1,3,2,2
PB,408178.2,2,HB,2024,5,4/10/2024,L,1,3,2,3
PB,408178.2,2,HB,2024,6,4/10/2024,S,2,3,2,
PB,408178.2,2,HB,2024,7,4/10/2024,S,2,3,3,
PB,9757,1,BU,2024,2,4/10/2024,L,1,3,3,1
PB,9757,1,BU,2024,2,4/10/2024,L,1,3,2,1
PB,9757,1,BU,2024,3,4/10/2024,L,1,3,2,2
PB,9757,1,BU,2024,3,4/10/2024,L,1,3,3,2
PB,9757,1,BU,2024,4,4/10/2024,L,1,3,3,2
PB,9757,1,BU,2024,5,4/10/2024,L,2,3,2,2
PB,9757,1,BU,2024,6,4/10/2024,L,2,3,2,3
PB,9757,1,BU,2024,7,4/10/2024,L,1,3,2,2
PB,9757,1,BU,2024,7,4/10/2024,L,2,3,2,1
BLM,10439,1,UU,2024,1,4/25/2024,S,2,3,1,
BLM,10439,1,UU,2024,1,4/25/2024,L,2,3,1,3
BLM,10439,1,UU,2024,1,4/25/2024,S,2,3,1,
BLM,10439,1,UU,2024,2,4/25/2024,L,2,3,1,2
BLM,10439,1,UU,2024,2,4/25/2024,L,1,3,1,3
BLM,10439,1,UU,2024,2,4/25/2024,S,1,3,1,
BLM,10439,1,UU,2024,3,4/25/2024,L,2,3,1,3
BLM,10439,1,UU,2024,3,4/25/2024,S,2,3,1,
BLM,10439,1,UU,2024,3,4/25/2024,L,1,3,1,2
BLM,10439,1,UU,2024,3,4/25/2024,L,1,3,1,2
BLM,10439,1,UU,2024,4,4/25/2024,L,1,3,1,2
BLM,10439,1,UU,2024,4,4/25/2024,S,1,3,1,
BLM,10439,1,UU,2024,4,4/25/2024,S,2,3,1,
BLM,10439,1,UU,2024,4,4/25/2024,S,2,3,1,
BLM,10439,1,UU,2024,5,4/25/2024,L,1,3,1,2
BLM,10439,1,UU,2024,5,4/25/2024,S,1,3,1,
BLM,10439,1,UU,2024,5,4/25/2024,S,2,3,1,
BLM,10439,1,UU,2024,5,4/25/2024,S,2,3,1,
BLM,10439,1,UU,2024,5,4/25/2024,L,1,3,1,1
BLM,10439,1,UU,2024,5,4/25/2024,L,1,3,1,2
BLM,10439,1,UU,2024,6,4/25/2024,L,1,3,1,1
BLM,10439,1,UU,2024,6,4/25/2024,S,1,3,1,
BLM,10439,1,UU,2024,6,4/25/2024,L,2,3,1,3
BLM,10439,1,UU,2024,7,4/25/2024,S,1,3,1,
BLM,10439,1,UU,2024,7,4/25/2024,S,2,3,1,
PB,33810,1,HU,2024,1,4/25/2024,S,1,3,1,
PB,33810,1,HU,2024,2,4/25/2024,L,2,3,1,2
PB,33810,1,HU,2024,2,4/25/2024,S,1,3,1,
PB,33810,1,HU,2024,2,4/25/2024,L,1,3,1,1
PB,33810,1,HU,2024,4,4/25/2024,S,2,3,1,
PB,33810,1,HU,2024,7,4/25/2024,S,1,3,1,
PB,408162,1,HU,2024,1,4/24/2024,L,1,3,1,1
PB,408162,1,HU,2024,3,4/24/2024,L,1,3,1,3
PB,408162,1,HU,2024,3,4/24/2024,L,1,3,1,3
PB,408162,1,HU,2024,3,4/24/2024,L,2,3,1,3
PB,408162,1,HU,2024,4,4/24/2024,L,2,3,1,3
PB,408162,1,HU,2024,4,4/24/2024,L,2,3,1,3
PB,408162,1,HU,2024,4,4/24/2024,L,2,3,1,3
PB,408162,1,HU,2024,4,4/24/2024,L,2,3,1,3
PB,408162,1,HU,2024,5,4/24/2024,S,2,3,1,
PB,408162,1,HU,2024,5,4/24/2024,L,1,3,1,2
PB,408162,1,HU,2024,6,4/24/2024,L,1,3,1,2
BLM,10302,1,UU,2024,1,4/24/2024,S,1,3,1,
BLM,10302,1,UU,2024,1,4/24/2024,L,2,3,1,2
BLM,10302,1,UU,2024,2,4/24/2024,L,1,3,1,2
BLM,10302,1,UU,2024,3,4/24/2024,S,1,3,1,
BLM,10302,1,UU,2024,3,4/24/2024,S,1,3,1,
BLM,10302,1,UU,2024,3,4/24/2024,S,2,3,1,
BLM,10302,1,UU,2024,3,4/24/2024,S,2,3,1,
BLM,10302,1,UU,2024,3,4/24/2024,L,1,3,1,2
BLM,10302,1,UU,2024,3,4/24/2024,L,1,3,1,2
BLM,10302,1,UU,2024,3,4/24/2024,L,2,3,1,3
BLM,10302,1,UU,2024,4,4/24/2024,S,2,3,1,
BLM,10302,1,UU,2024,4,4/24/2024,S,2,3,1,
BLM,10302,1,UU,2024,4,4/24/2024,S,1,3,1,
BLM,10302,1,UU,2024,4,4/24/2024,L,1,3,1,2
BLM,10302,1,UU,2024,4,4/24/2024,L,2,3,1,3
BLM,10302,1,UU,2024,4,4/24/2024,L,1,3,1,2
BLM,10302,1,UU,2024,5,4/24/2024,S,1,3,1,
BLM,10302,1,UU,2024,5,4/24/2024,L,2,3,1,3
BLM,10302,1,UU,2024,5,4/24/2024,L,2,3,1,3
BLM,10302,1,UU,2024,5,4/24/2024,L,1,3,1,1
BLM,10302,1,UU,2024,5,4/24/2024,L,1,3,1,3
BLM,10302,1,UU,2024,5,4/24/2024,L,2,3,1,1
BLM,10302,1,UU,2024,5,4/24/2024,L,2,3,1,3
BLM,10302,1,UU,2024,6,4/24/2024,S,1,3,1,
BLM,10302,1,UU,2024,6,4/24/2024,S,1,3,1,
BLM,10302,1,UU,2024,6,4/24/2024,L,1,3,1,3
BLM,10302,1,UU,2024,6,4/24/2024,L,1,3,1,3
BLM,10302,1,UU,2024,6,4/24/2024,L,2,3,1,2
BLM,10302,1,UU,2024,7,4/24/2024,L,1,3,1,3
PB,33628,1,HB,2024,4,4/23/2024,L,1,3,2,3
PB,33651,1,HB,2024,3,4/23/2024,S,1,3,3,
PB,33651,1,HB,2024,6,4/23/2024,S,2,3,2,
PB,33651,1,HB,2024,7,4/23/2024,S,1,3,3,
PB,408180,1,HB,2024,1,4/23/2024,L,1,3,3,1
PB,408180,1,HB,2024,1,4/23/2024,S,1,3,3,
PB,408180,1,HB,2024,2,4/23/2024,L,2,3,3,
PB,408180,1,HB,2024,3,4/23/2024,L,1,3,2,1
PB,408180,1,HB,2024,4,4/23/2024,L,2,3,2,1
PB,408180,1,HB,2024,6,4/23/2024,S,2,3,3,
PB,408180,1,HB,2024,6,4/23/2024,S,2,3,3,
PB,408180,1,HB,2024,7,4/23/2024,S,2,3,3,
PB,33689,1,HU,2024,1,4/22/2024,S,2,3,1,
PB,33689,1,HU,2024,2,4/22/2024,S,2,3,1,
PB,33689,1,HU,2024,2,4/22/2024,S,2,3,1,
PB,34007,1,HB,2024,1,4/22/2024,L,1,3,1,1
PB,34007,1,HB,2024,1,4/22/2024,L,1,3,1,3
PB,34007,1,HB,2024,1,4/22/2024,S,2,3,2,
PB,34007,1,HB,2024,2,4/22/2024,L,1,3,1,3
PB,34007,1,HB,2024,3,4/22/2024,L,1,3,2,2
PB,34007,1,HB,2024,6,4/22/2024,S,2,3,2,
PB,34007,1,HB,2024,6,4/22/2024,S,1,3,2,
PB,34007,1,HB,2024,6,4/22/2024,L,1,3,2,
WY,20053,1,HU,2024,1,5/1/2024,L,1,3,1,1
WY,20053,1,HU,2024,1,5/1/2024,L,1,3,1,1
WY,20053,1,HU,2024,3,5/1/2024,S,1,3,1,
WY,20053,1,HU,2024,3,5/1/2024,L,1,3,1,1
WY,20053,1,HU,2024,4,5/1/2024,S,1,3,1,
WY,20053,1,HU,2024,4,5/1/2024,S,2,3,1,
WY,20053,1,HU,2024,4,5/1/2024,L,2,3,1,3
WY,20053,1,HU,2024,5,5/1/2024,S,2,3,1,
WY,20053,1,HU,2024,5,5/1/2024,L,1,3,1,
WY,20053,1,HU,2024,6,5/1/2024,L,1,3,1,1
WY,20053,1,HU,2024,7,5/1/2024,S,2,3,1,
WY,20053,1,HU,2024,7,5/1/2024,L,1,3,1,1
WY,20039,1,HU,2024,1,5/1/2024,L,1,3,1,2
WY,20039,1,HU,2024,1,5/1/2024,S,1,3,1,
WY,20039,1,HU,2024,1,5/1/2024,L,2,3,1,1
WY,20039,1,HU,2024,1,5/1/2024,L,1,3,1,3
WY,20039,1,HU,2024,1,5/1/2024,S,2,3,1,
WY,20039,1,HU,2024,1,5/1/2024,S,2,3,1,
WY,20039,1,HU,2024,1,5/1/2024,L,1,3,1,3
WY,20039,1,HU,2024,2,5/1/2024,L,1,3,1,1
WY,20039,1,HU,2024,2,5/1/2024,L,1,3,1,1
WY,20039,1,HU,2024,2,5/1/2024,S,2,3,1,
WY,20039,1,HU,2024,2,5/1/2024,L,1,3,1,1
WY,20039,1,HU,2024,3,5/1/2024,S,2,3,1,
WY,20039,1,HU,2024,4,5/1/2024,S,1,3,1,
WY,20039,1,HU,2024,5,5/1/2024,S,2,3,1,
WY,20039,1,HU,2024,5,5/1/2024,S,1,3,1,
WY,20039,1,HU,2024,5,5/1/2024,L,1,3,1,1
WY,20039,1,HU,2024,5,5/1/2024,L,1,3,1,1
WY,20039,1,HU,2024,5,5/1/2024,L,2,3,1,1
WY,20039,1,HU,2024,6,5/1/2024,L,2,3,1,2
WY,20039,1,HU,2024,6,5/1/2024,L,1,3,1,1
WY,20039,1,HU,2024,7,5/1/2024,L,1,3,1,1
WY,20039,1,HU,2024,7,5/1/2024,L,1,3,1,1
ODF,12806,1,BU,2024,2,5/2/2024,S,2,3,3,
ODF,12806,1,BU,2024,3,5/2/2024,S,2,3,3,
ODF,12806,1,BU,2024,4,5/2/2024,L,1,3,2,1
ODF,12806,1,BU,2024,4,5/2/2024,S,1,3,2,
ODF,12806,1,BU,2024,5,5/2/2024,S,1,3,2,
ODF,12806,1,BU,2024,5,5/2/2024,L,1,3,2,1
ODF,12806,1,BU,2024,7,5/2/2024,L,1,3,2,2
ODF,12349,1,BU,2024,1,5/2/2024,S,1,3,2,
ODF,12349,1,BU,2024,1,5/2/2024,L,2,3,3,3
ODF,12349,1,BU,2024,1,5/2/2024,S,1,3,2,
ODF,12349,1,BU,2024,3,5/2/2024,L,1,3,2,1
ODF,12349,1,BU,2024,4,5/2/2024,S,2,3,2,
ODF,12349,1,BU,2024,4,5/2/2024,S,1,3,3,
ODF,12349,1,BU,2024,4,5/2/2024,L,2,3,2,1
ODF,12349,1,BU,2024,4,5/2/2024,L,2,3,2,2
ODF,12349,1,BU,2024,4,5/2/2024,L,2,3,2,2
ODF,12349,1,BU,2024,5,5/2/2024,S,2,3,3,
ODF,12349,1,BU,2024,5,5/2/2024,L,1,3,2,1
ODF,12349,1,BU,2024,5,5/2/2024,L,1,3,2,1
ODF,12349,1,BU,2024,6,5/2/2024,L,2,3,2,1
ODF,12349,1,BU,2024,6,5/2/2024,L,2,3,2,3
ODF,12349,1,BU,2024,6,5/2/2024,S,1,3,2,
ODF,12349,1,BU,2024,7,5/2/2024,L,1,3,2,3
ODF,12349,1,BU,2024,7,5/2/2024,L,1,3,2,1
ODF,12805,1,BU,2024,1,4/30/2024,L,1,3,3,1
ODF,12805,1,BU,2024,1,4/30/2024,L,1,3,3,1
ODF,12805,1,BU,2024,2,4/30/2024,S,2,3,3,
ODF,12805,1,BU,2024,6,4/30/2024,L,2,3,2,2
ODF,12805,1,BU,2024,6,4/30/2024,L,1,3,3,2
ODF,12805,1,BU,2024,6,4/30/2024,L,1,3,3,2
ODF,12805,1,BU,2024,7,4/30/2024,S,2,3,3,
ODF,12805,1,BU,2024,7,4/30/2024,L,1,3,3,2
ODF,12805,1,BU,2024,7,4/30/2024,L,1,3,3,2
ODF,12805,1,BU,2024,7,4/30/2024,L,1,3,3,2
ODF,12805,1,BU,2024,7,4/30/2024,L,1,3,3,3
ODF,12805,1,BU,2024,7,4/30/2024,L,1,3,3,3
ODF,12805,1,BU,2024,7,4/30/2024,L,1,3,3,3
ODF,12804,1,BU,2024,1,4/30/2024,S,2,3,3,
ODF,12804,1,BU,2024,1,4/30/2024,L,1,3,2,1
ODF,12804,1,BU,2024,1,4/30/2024,L,1,3,2,3
ODF,12804,1,BU,2024,2,4/30/2024,L,2,3,3,3
ODF,12804,1,BU,2024,3,4/30/2024,L,1,3,2,1
ODF,12804,1,BU,2024,3,4/30/2024,L,1,3,2,1
ODF,12804,1,BU,2024,4,4/30/2024,L,1,3,2,1
ODF,12804,1,BU,2024,6,4/30/2024,L,1,3,2,2
ODF,12804,1,BU,2024,6,4/30/2024,L,1,3,2,3
ODF,12804,1,BU,2024,7,4/30/2024,L,2,3,3,2
ODF,12804,1,BU,2024,7,4/30/2024,S,2,3,3,
ODF,12033,1,BU,2024,3,5/13/2024,L,1,3,2,1
ODF,12033,1,BU,2024,4,5/13/2024,L,1,3,3,3
ODF,12033,1,BU,2024,7,5/13/2024,L,2,3,2,1
ODF,12421,1,BU,2024,1,5/14/2024,L,1,3,3,1
ODF,12421,1,BU,2024,2,5/14/2024,S,2,3,3,
ODF,12421,1,BU,2024,3,5/14/2024,L,2,3,2,3
ODF,12421,1,BU,2024,3,5/14/2024,L,2,3,2,2
ODF,12421,1,BU,2024,3,5/14/2024,S,1,3,2,
ODF,12421,1,BU,2024,4,5/14/2024,S,1,3,2,
ODF,12421,1,BU,2024,4,5/14/2024,S,1,3,2,
ODF,12421,1,BU,2024,5,5/14/2024,S,2,3,2,
ODF,12421,1,BU,2024,7,5/14/2024,L,2,3,2,1
ODF,12421,1,BU,2024,7,5/14/2024,L,1,3,2,1
ODF,12421,1,BU,2024,7,5/14/2024,S,2,3,2,
ODF,12441,1,BU,2024,2,5/14/2024,L,1,3,3,1
ODF,12441,1,BU,2024,2,5/14/2024,S,1,3,2,
ODF,12441,1,BU,2024,2,5/14/2024,L,1,3,2,1
ODF,12441,1,BU,2024,4,5/14/2024,S,2,3,2,
ODF,12441,1,BU,2024,5,5/14/2024,S,2,3,3,
ODF,12441,1,BU,2024,7,5/14/2024,L,2,3,3,3
ODF,12441,1,BU,2024,7,5/14/2024,S,2,3,3,
ODF,12441,1,BU,2024,7,5/14/2024,L,2,3,3,2
WY,10403,1,BS,2024,3,5/15/2024,S,1,3,3,
WY,10444,1,HU,2024,1,5/15/2024,L,2,3,1,3
WY,10444,1,HU,2024,1,5/15/2024,L,1,3,1,3
WY,10444,1,HU,2024,1,5/15/2024,S,2,3,1,
WY,10444,1,HU,2024,1,5/15/2024,L,1,3,1,2
WY,10444,1,HU,2024,2,5/15/2024,L,1,3,1,2
WY,10444,1,HU,2024,2,5/15/2024,S,2,3,1,
WY,10444,1,HU,2024,2,5/15/2024,L,2,3,1,1
WY,10444,1,HU,2024,5,5/15/2024,L,1,3,1,1
WY,10444,1,HU,2024,5,5/15/2024,L,1,3,1,1
WY,10444,1,HU,2024,5,5/15/2024,L,1,3,1,1
WY,10444,1,HU,2024,5,5/15/2024,S,2,3,1,
WY,10444,1,HU,2024,6,5/15/2024,S,2,3,1,
WY,10444,1,HU,2024,6,5/15/2024,L,1,3,1,1
WY,10444,1,HU,2024,6,5/15/2024,L,1,3,1,2
WY,10444,1,HU,2024,7,5/15/2024,S,2,3,1,
WY,10444,1,HU,2024,7,5/15/2024,S,2,3,1,
WY,10444,1,HU,2024,7,5/15/2024,L,1,3,1,1
WY,11084,1,BS,2024,2,5/9/2024,S,2,3,2,
WY,11084,1,BS,2024,2,5/9/2024,S,2,3,3,
WY,11084,1,BS,2024,2,5/9/2024,S,2,3,3,
WY,11084,1,BS,2024,4,5/9/2024,L,1,3,2,1
WY,11084,1,BS,2024,5,5/9/2024,L,1,3,2,2
WY,11084,1,BS,2024,7,5/9/2024,S,1,3,3,
WY,10968,1,HU,2024,2,5/7/2024,L,1,3,1,1
WY,10968,1,HU,2024,2,5/7/2024,L,1,3,1,1
WY,10968,1,HU,2024,3,5/7/2024,L,1,3,1,1
WY,10968,1,HU,2024,5,5/7/2024,L,1,3,1,1
WY,10968,1,HU,2024,5,5/7/2024,L,1,3,1,2
WY,10968,1,HU,2024,5,5/7/2024,S,2,3,1,
WY,10968,1,HU,2024,6,5/7/2024,S,1,3,1,
WY,10968,1,HU,2024,6,5/7/2024,S,2,3,1,
WY,10968,1,HU,2024,6,5/7/2024,L,1,3,1,1
WY,10968,1,HU,2024,7,5/7/2024,S,1,3,1,
WY,10399,1,HU,2024,2,5/7/2024,L,1,3,1,1
WY,10399,1,HU,2024,3,5/7/2024,S,2,3,1,
WY,10399,1,HU,2024,3,5/7/2024,L,2,3,1,3
WY,10399,1,HU,2024,3,5/7/2024,L,2,3,1,2
WY,10399,1,HU,2024,3,5/7/2024,L,2,3,1,2
WY,10399,1,HU,2024,3,5/7/2024,L,2,3,1,3
WY,10399,1,HU,2024,4,5/7/2024,S,2,3,1,
WY,10399,1,HU,2024,4,5/7/2024,S,1,3,1,
WY,10399,1,HU,2024,4,5/7/2024,L,2,3,1,3
WY,10399,1,HU,2024,4,5/7/2024,L,2,3,1,3
WY,10399,1,HU,2024,4,5/7/2024,L,2,3,1,2
WY,10399,1,HU,2024,4,5/7/2024,L,2,3,1,2
WY,10399,1,HU,2024,5,5/7/2024,S,2,3,1,
WY,10399,1,HU,2024,5,5/7/2024,L,2,3,1,2
PB,408143,1,HU,2024,3,5/8/2024,S,1,3,1,
PB,408143,1,HU,2024,4,5/8/2024,L,2,3,1,3
PB,408143,1,HU,2024,6,5/8/2024,L,2,3,1,3
PB,408143,1,HU,2024,6,5/8/2024,L,2,3,1,3
PB,408143,1,HU,2024,6,5/8/2024,S,1,3,1,
WY,10153,1,BS,2024,1,5/8/2024,S,2,3,3,
WY,10153,1,BS,2024,1,5/8/2024,S,2,3,3,
WY,10153,1,BS,2024,1,5/8/2024,L,1,3,2,2
WY,10153,1,BS,2024,2,5/8/2024,S,2,3,3,
WY,10153,1,BS,2024,3,5/8/2024,L,1,3,2,2
WY,10153,1,BS,2024,6,5/8/2024,L,1,3,2,1
WY,10153,1,BS,2024,7,5/8/2024,S,2,3,2,
WY,10153,1,BS,2024,7,5/8/2024,L,2,3,2,2
WY,11081,1,BS,2024,2,5/9/2024,S,1,3,3,
WY,11081,1,BS,2024,5,5/9/2024,S,1,3,2,
WY,11081,1,BS,2024,7,5/9/2024,S,1,3,3,
WY,11081,1,BS,2024,7,5/9/2024,S,1,3,3,
WY,11081,1,BS,2024,7,5/9/2024,S,1,3,3,
WY,10185,1,BS,2024,3,5/21/2024,S,2,3,3,
WY,10185,1,BS,2024,3,5/21/2024,L,1,3,3,2
WY,10185,1,BS,2024,3,5/21/2024,L,1,3,2,2
WY,10185,1,BS,2024,3,5/21/2024,L,1,3,2,1
WY,10185,1,BS,2024,4,5/21/2024,L,1,3,2,2
WY,10185,1,BS,2024,4,5/21/2024,L,1,3,2,3
WY,10597,1,HB,2024,1,5/21/2024,L,1,3,2,1
WY,10597,1,HB,2024,2,5/21/2024,S,2,3,3,
WY,10597,1,HB,2024,3,5/21/2024,S,2,3,3,
WY,10597,1,HB,2024,3,5/21/2024,L,1,3,2,1
WY,10597,1,HB,2024,3,5/21/2024,L,2,3,2,2
WY,10597,1,HB,2024,6,5/21/2024,L,1,3,2,1
WY,10597,1,HB,2024,7,5/21/2024,S,2,3,2,
WY,10597,1,HB,2024,7,5/21/2024,L,1,3,2,3
WY,10597,1,HB,2024,7,5/21/2024,L,1,3,2,1
WY,10597,1,HB,2024,7,5/21/2024,S,1,3,3,
ODF,12098,1,BU,2024,1,5/23/2024,S,2,3,3,
ODF,12098,1,BU,2024,1,5/23/2024,S,2,3,2,
ODF,12098,1,BU,2024,2,5/23/2024,L,1,3,2,1
ODF,12098,1,BU,2024,3,5/23/2024,S,2,3,3,
ODF,12098,1,BU,2024,3,5/23/2024,L,1,3,2,2
ODF,12098,1,BU,2024,4,5/23/2024,L,1,3,2,3
ODF,12098,1,BU,2024,4,5/23/2024,L,2,3,2,1
ODF,12098,1,BU,2024,7,5/23/2024,L,1,3,2,2
ODF,12098,1,BU,2024,7,5/23/2024,S,1,3,2,
WY,20626,1,HU,2024,1,5/23/2024,L,1,3,1,1
WY,20626,1,HU,2024,2,5/23/2024,S,1,3,1,
WY,20626,1,HU,2024,2,5/23/2024,L,1,3,1,2
WY,20626,1,HU,2024,3,5/23/2024,L,1,3,1,1
WY,20626,1,HU,2024,4,5/23/2024,S,1,3,1,
WY,20626,1,HU,2024,5,5/23/2024,L,2,3,2,1
WY,10471.1,1,BS,2024,1,5/27/2024,L,1,3,2,1
WY,10471.1,1,BS,2024,1,5/27/2024,L,2,3,3,3
WY,10471.1,1,BS,2024,1,5/27/2024,L,2,3,2,3
WY,10471.1,1,BS,2024,2,5/27/2024,L,2,3,2,3
WY,10471.1,1,BS,2024,3,5/27/2024,L,1,3,2,1
WY,10471.1,1,BS,2024,3,5/27/2024,S,2,3,2,
WY,10471.1,1,BS,2024,4,5/27/2024,S,1,3,3,
WY,10471.1,1,BS,2024,4,5/27/2024,L,1,3,2,1
WY,10471.1,1,BS,2024,4,5/27/2024,L,1,3,2,1
WY,10471.1,1,BS,2024,5,5/27/2024,S,1,3,2,
WY,10471.1,1,BS,2024,5,5/27/2024,L,1,3,2,1
WY,10471.1,1,BS,2024,5,5/27/2024,L,1,3,2,1
WY,10471.1,1,BS,2024,5,5/27/2024,L,1,3,2,2
WY,10471.1,1,BS,2024,5,5/27/2024,S,2,3,3,
WY,10471.1,1,BS,2024,6,5/27/2024,S,2,3,3,
WY,10471.1,1,BS,2024,6,5/27/2024,S,2,3,3,
WY,10471.1,1,BS,2024,6,5/27/2024,L,1,3,2,3
WY,10471.1,1,BS,2024,6,5/27/2024,S,1,3,2,
WY,10471.1,1,BS,2024,7,5/27/2024,S,2,3,3,
WY,10422.2,2,BS,2024,1,5/27/2024,L,1,3,2,1
WY,10422.2,2,BS,2024,1,5/27/2024,S,2,3,3,
WY,10422.2,2,BS,2024,5,5/27/2024,S,1,3,2,
WY,10422.2,2,BS,2024,6,5/27/2024,S,1,3,2,
WY,10422.2,2,BS,2024,7,5/27/2024,L,1,3,1,1
