landowner,stand,site_rep,trt,year,subplot,date,obs,time,lat,long,acc,weather,canopy_cov,fwd_cov,dwd_cov,veg_cov,moisture_1,moisture_2,moisture_3,soil_moist_avg
PB,9757,1,BU,2024,1,4/10/2024,SLG,15:11,45.213441,122.273943,26,SU,2,3,1,4,25.1,25.4,22.3,24.27
PB,9757,1,BU,2024,2,4/10/2024,SLG,15:39,45.213276,122.273673,45,PC,2,4,3,3,19.5,28.9,17.6,22
PB,9757,1,BU,2024,3,4/10/2024,JW,15:20,45.213249,122.274309,35,SU,1,3,1,4,23.3,30.7,20.4,24.8
PB,9757,1,BU,2024,4,4/10/2024,JW,15:50,45.213391,122.274315,40,SU,3,2,2,3,13,24.1,29.9,22.33
PB,9757,1,BU,2024,5,4/10/2024,RMM,15:11,45.213645,122.274235,29,SU,2,3,2,3,32.2,21.1,21.9,25.07
PB,9757,1,BU,2024,6,4/10/2024,RMM,15:38,45.213713,122.273986,55,SU,3,3,2,2,18.8,25.5,32.1,25.47
PB,9757,1,BU,2024,7,4/10/2024,RMM,16:01,45.213642,122.273557,21,SU,3,3,2,3,18.4,22.1,28.5,23
WY,10024,1,BS,2024,1,3/26/2024,SLG,14:40,45.084157,122.436039,15,PC,0,4,1,4,29.9,26.4,19.8,25.37
WY,10024,1,BS,2024,2,3/26/2024,SLG,14:53,45.084014,122.435835,25,PC,0,2,1,3,21.9,29.4,18.4,23.23
WY,10024,1,BS,2024,3,3/26/2024,SLG,15:19,45.083929,122.436215,14,PC,0,2,2,4,28.4,36.3,38.8,34.5
WY,10024,1,BS,2024,4,3/26/2024,JW,15:32,45.084232,122.436469,30,SU,0,2,3,3,25.9,19.4,17.1,20.8
WY,10024,1,BS,2024,5,3/26/2024,JW,15:15,45.084359,122.436522,15,SU,0,2,1,3,33.3,32.2,41.3,35.6
WY,10024,1,BS,2024,6,3/26/2024,JW,15:00,45.084316,122.436351,26,C,0,4,2,2,42.9,32.6,38.7,38.07
WY,10024,1,BS,2024,7,3/26/2024,JW,14:40,45.084185,122.435837,24,R,0,1,1,3,25.5,19.5,14.7,19.9
WY,10078,1,HB,2024,1,4/3/2024,RMM,10:32,45.096816,122.397379,4,C,0,1,2,4,28.6,28.4,28.9,28.63
WY,10078,1,HB,2024,2,4/3/2024,RMM,11:06,45.097083,122.397541,5,C,0,1,2,4,13.9,31.5,27.3,24.23
WY,10078,1,HB,2024,3,4/3/2024,JW,10:35,45.09707,122.39718,5,PC,0,1,1,3,30.7,31.7,22.3,28.23
WY,10078,1,HB,2024,4,4/3/2024,JW,10:54,45.096777,122.396966,6,PC,0,1,1,3,25.6,23.2,32.8,27.2
WY,10078,1,HB,2024,5,4/3/2024,JW,11:13,45.096525,122.397226,7,C,0,1,1,3,23.3,24.1,21.6,23
WY,10078,1,HB,2024,6,4/3/2024,SLG,10:58,45.096598,122.397515,8,C,0,1,2,3,28,22.1,25.6,25.23
WY,10078,1,HB,2024,7,4/3/2024,SLG,10:36,45.096795,122.397797,16,C,0,2,1,4,25.5,22.2,29.9,25.87
WY,10153,1,BS,2024,1,5/8/2024,JW,9:40,45.116638,122.342062,8,C,0,3,2,3,32.4,26.2,19.1,25.9
WY,10153,1,BS,2024,2,5/8/2024,JW,10:21,45.117297,122.342098,8,PC,0,2,2,3,23.5,27.1,22.6,24.4
WY,10153,1,BS,2024,3,5/8/2024,SLG,9:42,45.116901,122.341589,19,PC,0,3,2,4,25.6,26.3,20.5,24.13
WY,10153,1,BS,2024,4,5/8/2024,SLG,10:02,45.116519,122.341404,11,C,0,3,3,4,33.9,24.5,22.9,27.1
WY,10153,1,BS,2024,5,5/8/2024,RMM,9:38,45.11613,122.341896,9,C,0,4,3,4,36.4,18.2,28.9,27.83
WY,10153,1,BS,2024,6,5/8/2024,RMM,10:03,45.116366,122.34237,9,C,0,4,2,4,18.8,28.6,29.8,25.73
WY,10153,1,BS,2024,7,5/8/2024,RMM,10:39,45.116965,122.342528,12,PC,0,4,2,4,26.9,19.6,27.5,24.67
BLM,10302,1,UU,2024,1,4/24/2024,SLG,14:34,45.151407,122.324939,39,SU,4,4,2,1,11.4,12.5,19.7,14.53
BLM,10302,1,UU,2024,2,4/24/2024,SLG,13:58,45.15123,122.324163,34,SU,4,4,1,1,15.2,12.9,14.9,14.33
BLM,10302,1,UU,2024,3,4/24/2024,JW,14:00,45.15003,122.324668,20,SU,4,3,2,1,15.9,14.8,9.9,13.53
BLM,10302,1,UU,2024,4,4/24/2024,JW,14:30,45.151,122.325084,18,SU,4,3,3,1,12.1,16.5,13.1,13.9
BLM,10302,1,UU,2024,5,4/24/2024,JW,15:00,45.15153,122.325381,40,SU,3,3,3,1,13.2,19.4,17.3,16.63
BLM,10302,1,UU,2024,6,4/24/2024,RMM,14:45,45.15175,122.324753,32,SU,4,4,3,1,11.9,15.6,11.1,12.87
BLM,10302,1,UU,2024,7,4/24/2024,RMM,14:04,45.151571,122.324564,32,SU,4,4,2,1,12.2,6.9,13.5,10.87
WY,10399,1,HU,2024,1,5/7/2024,RMM,10:11,45.006865,122.397391,12,C,0,1,2,4,35.9,44.4,42.3,40.87
WY,10399,1,HU,2024,2,5/7/2024,RMM,10:43,45.006659,122.397423,11,SN,0,1,2,2,38.3,43.3,48.3,43.3
WY,10399,1,HU,2024,3,5/7/2024,SLG,10:12,45.006813,122.397599,25,PC,1,2,3,2,42,40.2,24.1,35.43
WY,10399,1,HU,2024,4,5/7/2024,SLG,9:43,45.00705,122.397743,19,SN,0,3,3,2,23.9,38.3,34.9,32.37
WY,10399,1,HU,2024,5,5/7/2024,SLG,9:08,45.007202,122.397364,31,PC,0,4,3,1,38.3,41.9,22.5,34.23
WY,10399,1,HU,2024,6,5/7/2024,JW,10:40,45.007008,122.397008,15,SN,0,3,1,2,35.2,41.3,26.9,34.47
WY,10399,1,HU,2024,7,5/7/2024,JW,10:00,45.006756,122.396965,22,PC,0,3,1,2,35.7,32.7,41,36.47
WY,10403,1,BS,2024,1,5/15/2024,JW,9:50,45.047758,122.413473,8,SU,0,1,1,1,6.7,9.2,7.5,7.8
WY,10403,1,BS,2024,2,5/15/2024,LS,10:13,45.04804,122.41287,13,SU,0,2,1,1,6.3,15.7,8.6,10.2
WY,10403,1,BS,2024,3,5/15/2024,SLG,9:49,45.047612,122.412831,14,PC,0,1,2,3,9.6,8.5,11.9,10
WY,10403,1,BS,2024,4,5/15/2024,SLG,10:12,45.047351,122.413208,14,PC,0,1,2,4,16.8,8.9,7.8,11.17
WY,10403,1,BS,2024,5,5/15/2024,RMM,9:48,45.047702,122.413938,12,SU,0,3,1,2,6.5,15.9,9.8,10.73
WY,10403,1,BS,2024,6,5/15/2024,RMM,10:11,45.048066,122.413836,16,SU,0,3,1,1,16.8,30,24.3,23.7
WY,10403,1,BS,2024,7,5/15/2024,RMM,10:31,45.048079,122.413608,17,SU,0,4,3,3,8.9,8.5,7.4,8.27
WY,10422,1,BS,2024,1,4/9/2024,RMM,12:50,45.076974,122.420849,6,C,0,3,3,3,31.2,17.6,32.2,27
WY,10422,1,BS,2024,2,4/9/2024,RMM,13:22,45.076738,122.420537,6,PC,0,3,3,2,22.9,25.1,37.7,28.57
WY,10422,1,BS,2024,3,4/9/2024,SLG,13:30,45.076631,122.420979,10,PC,0,4,2,3,27.9,35.5,39.9,34.43
WY,10422,1,BS,2024,4,4/9/2024,SLG,12:59,45.076917,122.421273,10,PC,0,4,2,4,22.2,28.9,24.9,25.33
WY,10422,1,BS,2024,5,4/9/2024,JW,13:33,45.077235,122.421081,5,PC,0,3,3,3,28.5,29.5,26.3,28.1
WY,10422,1,BS,2024,6,4/9/2024,JW,13:20,45.077248,122.420651,7,SU,0,1,1,3,30.3,28.8,28.9,29.33
WY,10422,1,BS,2024,7,4/9/2024,JW,13:00,45.077102,122.420254,7,SU,0,3,2,3,28.9,20.8,33.2,27.63
BLM,10439,1,UU,2024,1,4/25/2024,RMM,9:25,45.138558,122.352261,38,R,4,3,2,2,10.5,13.2,15.1,12.93
BLM,10439,1,UU,2024,2,4/25/2024,RMM,9:59,45.13861,122.351988,43,R,4,3,2,3,17.9,11.6,10.9,13.47
BLM,10439,1,UU,2024,3,4/25/2024,JW,9:30,45.138138,122.351971,40,R,3,2,1,1,16,16.2,11.5,14.57
BLM,10439,1,UU,2024,4,4/25/2024,JW,9:57,45.137975,122.352277,45,R,3,1,1,1,6.1,8.8,22.2,12.37
BLM,10439,1,UU,2024,5,4/25/2024,SLG,9:23,45.137963,122.352751,55,R,4,3,2,1,12.5,11.4,8.5,10.8
BLM,10439,1,UU,2024,6,4/25/2024,SLG,9:49,45.138371,122.352664,46,R,3,3,3,2,14.5,13.3,18.9,15.57
BLM,10439,1,UU,2024,7,4/25/2024,SLG,10:17,45.138848,122.352378,51,R,4,3,2,3,12.9,14.3,28.8,18.67
WY,10444,1,HU,2024,1,5/15/2024,JW,12:15,45.04662,122.424056,11,SU,0,1,2,3,11.8,7.5,12.6,10.63
WY,10444,1,HU,2024,2,5/15/2024,LS,12:37,45.046975,122.423971,8,SU,0,1,1,3,7.4,5.1,6.7,6.4
WY,10444,1,HU,2024,3,5/15/2024,RMM,12:15,45.046732,122.423327,12,SU,0,4,2,4,3.5,8.4,4.8,5.57
WY,10444,1,HU,2024,4,5/15/2024,RMM,12:37,45.046478,122.423571,18,SU,0,3,2,4,9.7,10.2,10.5,10.13
WY,10444,1,HU,2024,5,5/15/2024,SLG,12:10,45.046251,122.424065,20,SU,0,3,2,3,8.9,10.1,4.6,7.87
WY,10444,1,HU,2024,6,5/15/2024,SLG,12:31,45.046501,122.42458,13,SU,0,4,2,4,4.3,12,6.6,7.63
WY,10444,1,HU,2024,7,5/15/2024,SLG,12:51,45.046828,122.4246,9,PC,0,4,3,4,10.9,5.9,6.4,7.73
WY,10463,1,BS,2024,1,4/9/2024,SLG,15:37,45.0787,122.419151,15,PC,0,3,3,4,30.9,25.8,29.4,28.7
WY,10463,1,BS,2024,2,4/9/2024,SLG,16:06,45.078493,122.418927,14,PC,0,4,3,4,21.4,20.8,25.1,22.43
WY,10463,1,BS,2024,3,4/9/2024,JW,16:00,45.078426,122.419327,8,SU,0,4,1,2,28.3,37.7,59.3,41.77
WY,10463,1,BS,2024,4,4/9/2024,JW,16:30,45.078418,122.419919,8,PC,0,2,1,4,28.6,30.3,51.9,36.93
WY,10463,1,BS,2024,5,4/9/2024,RMM,16:37,45.078903,122.419604,8,C,0,3,2,3,29.7,32.4,31.3,31.13
WY,10463,1,BS,2024,6,4/9/2024,RMM,16:20,45.07896,122.419183,10,PC,0,4,2,4,23.5,27.2,28.9,26.53
WY,10463,1,BS,2024,7,4/9/2024,RMM,15:57,45.078766,122.418871,23,PC,0,2,2,4,31.1,31.1,27.5,29.9
WY,10467,1,HB,2024,1,4/9/2024,JW,9:52,45.078123,122.414782,8,PC,0,1,1,4,20.9,17.2,20.6,19.57
WY,10467,1,HB,2024,2,4/9/2024,JW,10:16,45.07797,122.414462,8,PC,0,1,1,4,21.1,28.7,18.1,22.63
WY,10467,1,HB,2024,3,4/9/2024,RMM,10:00,45.077751,122.414738,16,C,0,1,1,4,23.8,19.9,25.7,23.13
WY,10467,1,HB,2024,4,4/9/2024,RMM,10:21,45.077876,122.415081,6,C,0,1,1,4,28.1,27.6,18.7,24.8
WY,10467,1,HB,2024,5,4/9/2024,RMM,10:40,45.078214,122.415197,6,C,0,1,1,3,27.4,29.2,20.7,25.77
WY,10467,1,HB,2024,6,4/9/2024,SLG,10:21,45.078398,122.414891,14,C,0,1,2,4,22.8,25.9,30,26.23
WY,10467,1,HB,2024,7,4/9/2024,SLG,10:02,45.078316,122.414516,10,C,0,1,1,3,17.9,32.9,25.6,25.47
WY,10506,1,BS,2024,1,3/26/2024,JW,10:40,45.082381,122.41991,9,SU,0,4,2,2,28.1,35.8,25.6,29.83
WY,10506,1,BS,2024,2,3/26/2024,JW,11:14,45.082128,122.4198,10,PC,0,2,2,3,27.9,32.6,33.7,31.4
WY,10506,1,BS,2024,3,3/26/2024,SLG,11:01,45.082202,122.420202,14,PC,0,4,2,4,22.6,24.8,26.4,24.6
WY,10506,1,BS,2024,4,3/26/2024,SLG,11:30,45.082545,122.420129,9,C,0,4,1,4,29.8,27.4,31,29.4
WY,10506,1,BS,2024,5,3/26/2024,SLG,12:04,45.082805,122.419899,11,PC,0,1,1,4,28.5,24.7,36,29.73
WY,10506,1,BS,2024,6,3/26/2024,RMM,11:31,45.082615,122.419424,7,C,0,1,1,2,28,31.6,30.7,30.1
WY,10506,1,BS,2024,7,3/26/2024,RMM,11:05,45.082193,122.41944,6,C,0,2,1,4,37.1,42.6,24.6,34.77
WY,10956,1,BS,2024,1,4/3/2024,SLG,13:55,45.097601,122.411146,11,C,0,4,1,2,20.9,0,0,20.9
WY,10956,1,BS,2024,2,4/3/2024,SLG,14:23,45.097515,122.410732,7,PC,0,3,2,2,14.9,0,0,14.9
WY,10956,1,BS,2024,3,4/3/2024,RMM,14:00,45.097338,122.410903,17,C,0,3,2,3,15.4,0,0,15.4
WY,10956,1,BS,2024,4,4/3/2024,RMM,14:27,45.097399,122.411489,7,C,0,4,3,3,14,0,0,14
WY,10956,1,BS,2024,5,4/3/2024,RMM,14:45,45.097616,122.411444,9,C,0,4,1,3,24,0,0,24
WY,10956,1,BS,2024,6,4/3/2024,JW,14:20,45.0978,122.411126,10,PC,0,2,2,2,32.8,0,0,32.8
WY,10956,1,BS,2024,7,4/3/2024,JW,14:00,45.097758,122.410705,6,PC,0,3,1,3,20.5,0,0,20.5
WY,10968,1,HU,2024,1,5/7/2024,SLG,13:22,45.020566,122.416108,21,C,0,3,1,2,27.2,27.7,34.1,29.67
WY,10968,1,HU,2024,2,5/7/2024,SLG,13:49,45.020256,122.416288,11,PC,0,4,2,3,32.9,36.7,39.2,36.27
WY,10968,1,HU,2024,3,5/7/2024,RMM,13:46,45.02037,122.416807,11,C,0,4,2,4,31.6,29.9,21.3,27.6
WY,10968,1,HU,2024,4,5/7/2024,RMM,13:24,45.020696,122.416556,8,C,0,4,2,4,22.6,24.6,25.9,24.37
WY,10968,1,HU,2024,5,5/7/2024,JW,13:20,45.020983,122.416034,31,C,0,3,1,2,29.4,32.9,30,30.77
WY,10968,1,HU,2024,6,5/7/2024,JW,13:46,45.020594,122.415527,5,PC,0,3,1,2,28.9,28.3,21.9,26.37
WY,10968,1,HU,2024,7,5/7/2024,JW,14:06,45.020201,122.415712,6,PC,0,3,1,2,33.3,32.8,30.3,32.13
WY,11081,1,BS,2024,1,5/9/2024,JW,12:15,45.007567,122.51089,9,SU,0,1,1,3,22.2,21.1,20.8,21.37
WY,11081,1,BS,2024,2,5/9/2024,JW,12:47,45.007729,122.511305,12,SU,0,1,1,4,24.5,24.6,14.6,21.23
WY,11081,1,BS,2024,3,5/9/2024,RMM,12:21,45.008078,122.510865,12,SU,0,2,1,4,16.6,14.1,18.2,16.3
WY,11081,1,BS,2024,4,5/9/2024,RMM,12:40,45.00805,122.510616,11,SU,0,3,2,4,11.3,26.2,14.2,17.23
WY,11081,1,BS,2024,5,5/9/2024,SLG,12:16,45.007482,122.5105,11,SU,0,2,1,4,13.9,25.4,14.8,18.03
WY,11081,1,BS,2024,6,5/9/2024,SLG,12:49,45.007251,122.510958,15,SU,0,1,1,4,13.7,9.2,17.1,13.33
WY,11081,1,BS,2024,7,5/9/2024,SLG,13:09,45.007,122.51,15,SU,0,1,1,3,4.4,12.6,10,9
WY,11084,1,BS,2024,1,5/9/2024,SLG,9:13,45.001301,122.516805,20,SU,0,1,1,4,16.9,14.4,18,16.43
WY,11084,1,BS,2024,2,5/9/2024,SLG,9:37,45.001509,122.517235,11,SU,0,2,1,4,27.2,33.4,26.2,28.93
WY,11084,1,BS,2024,3,5/9/2024,RMM,9:34,45.001786,122.516924,9,SU,0,1,2,4,23.9,24.2,20.4,22.83
WY,11084,1,BS,2024,4,5/9/2024,RMM,9:58,45.001536,122.516205,13,SU,0,1,1,4,15.6,26.3,18.2,20.03
WY,11084,1,BS,2024,5,5/9/2024,RMM,9:13,45.001089,122.51646,11,SU,0,1,2,4,22.9,22.7,29,24.87
WY,11084,1,BS,2024,6,5/9/2024,JW,9:40,45.000937,122.517003,10,SU,0,1,1,4,19.5,22.7,21.1,21.1
WY,11084,1,BS,2024,7,5/9/2024,JW,9:20,45.001183,122.517392,17,SU,0,1,1,4,32.6,26.7,32,30.43
ODF,12033,1,BU,2024,1,5/13/2024,RMM,10:04,44.72649,122.405416,31,SU,2,2,2,4,20.3,12.7,23.9,18.97
ODF,12033,1,BU,2024,2,5/13/2024,RMM,10:40,44.726228,122.405842,32,SU,2,4,3,4,33.7,32.5,22.7,29.63
ODF,12033,1,BU,2024,3,5/13/2024,JW,10:55,44.726685,122.406008,25,SU,1,1,1,3,24.1,31.6,32.4,29.37
ODF,12033,1,BU,2024,4,5/13/2024,JW,10:35,44.726854,122.405946,31,SU,1,1,2,4,11.6,13.5,22.7,15.93
ODF,12033,1,BU,2024,5,5/13/2024,JW,10:00,44.726886,122.405234,30,SU,1,1,1,4,11.3,14.2,10.6,12.03
ODF,12033,1,BU,2024,6,5/13/2024,SLG,10:40,44.726785,122.404637,46,SU,2,2,2,4,15.4,22.4,16.4,18.07
ODF,12033,1,BU,2024,7,5/13/2024,SLG,10:03,44.726229,122.405443,39,SU,2,2,2,4,33.7,28.9,22.7,28.43
BLM,12213,1,UU,2024,1,4/11/2024,SLG,13:33,45.079487,122.593992,90,PC,3,2,1,4,28.6,35.9,29.8,31.43
BLM,12213,1,UU,2024,2,4/11/2024,SLG,14:00,45.079352,122.593616,69,PC,2,2,1,3,45.7,37.9,40.8,41.47
BLM,12213,1,UU,2024,3,4/11/2024,RMM,14:20,45.079415,122.593612,67,SU,3,1,1,4,29.9,34.7,22.1,28.9
BLM,12213,1,UU,2024,4,4/11/2024,RMM,13:57,45.07932,122.594006,65,SU,1,1,1,4,42.9,44.4,32.1,39.8
BLM,12213,1,UU,2024,5,4/11/2024,RMM,13:26,45.079626,122.594326,35,SU,2,1,2,4,42.2,38.6,47.7,42.83
BLM,12213,1,UU,2024,6,4/11/2024,JW,14:00,45.079956,122.594924,63,PC,2,3,1,4,21.1,13.2,14.4,16.23
BLM,12213,1,UU,2024,7,4/11/2024,JW,13:30,45.079932,122.593607,38,SU,2,1,1,4,24.4,27.4,35,28.93
BLM,12239,1,UU,2024,1,4/11/2024,RMM,9:47,45.077243,122.580155,29,SU,2,2,2,4,32,17.9,39.5,29.8
BLM,12239,1,UU,2024,2,4/11/2024,RMM,10:13,45.07761,122.579931,39,SU,4,3,2,4,10.5,38.1,29.7,26.1
BLM,12239,1,UU,2024,3,4/11/2024,SLG,10:33,45.077386,122.579898,35,PC,3,3,2,3,27.3,36.9,38.7,34.3
BLM,12239,1,UU,2024,4,4/11/2024,SLG,10:10,45.077161,122.580023,40,PC,3,2,1,4,38.5,40,39.7,39.4
BLM,12239,1,UU,2024,5,4/11/2024,SLG,9:30,45.077063,122.580056,57,PC,3,2,1,4,26.8,39.9,34.2,33.63
BLM,12239,1,UU,2024,6,4/11/2024,JW,10:15,45.077394,122.580567,41,SU,4,2,2,4,19.5,32.2,40.2,30.63
BLM,12239,1,UU,2024,7,4/11/2024,JW,9:40,45.077475,122.580254,41,SU,4,2,2,3,26.3,37.9,37.8,34
ODF,12349,1,BU,2024,1,5/2/2024,JW,13:27,44.817198,122.607298,35,PC,1,1,2,4,22.9,34.8,30.3,29.33
ODF,12349,1,BU,2024,2,5/2/2024,JW,13:50,44.817698,122.607535,51,C,1,1,1,4,36.6,32.7,27.9,32.4
ODF,12349,1,BU,2024,3,5/2/2024,SLG,13:26,44.817465,122.607021,30,C,1,1,2,4,38.3,33.3,26.9,32.83
ODF,12349,1,BU,2024,4,5/2/2024,SLG,13:45,44.817123,122.606785,60,C,2,2,3,2,0,0,0,0
ODF,12349,1,BU,2024,5,5/2/2024,RMM,13:24,44.816841,122.607094,60,C,1,1,2,4,29.8,30.7,42.4,34.3
ODF,12349,1,BU,2024,6,5/2/2024,RMM,13:38,44.81738,122.60753,53,C,3,3,3,4,25.3,36.7,29.1,30.37
ODF,12349,1,BU,2024,7,5/2/2024,RMM,14:10,44.817474,122.607877,56,C,3,3,2,4,23.6,26.4,29.8,26.6
ODF,12362,1,HB,2024,1,4/15/2024,SLG,10:05,44.781005,122.458444,18,C,0,1,1,4,9.9,11.5,7.4,9.6
ODF,12362,1,HB,2024,2,4/15/2024,SLG,10:45,44.781105,122.458231,15,C,0,1,1,4,6.5,0,0,2.17
ODF,12362,1,HB,2024,3,4/15/2024,RMM,10:06,44.780935,122.457784,15,C,0,1,1,4,22.8,28.2,28.8,26.6
ODF,12362,1,HB,2024,4,4/15/2024,RMM,10:27,44.78069,122.458315,30,R,0,1,1,4,16.3,34.1,22.2,24.2
ODF,12362,1,HB,2024,5,4/15/2024,RMM,10:50,44.780713,122.458741,19,C,0,0,1,4,51.3,56.2,60.1,55.87
ODF,12362,1,HB,2024,6,4/15/2024,JW,10:35,44.781194,122.458881,15,R,0,1,1,3,11.3,19.3,13.4,14.67
ODF,12362,1,HB,2024,7,4/15/2024,JW,10:15,44.781388,122.458657,12,R,0,1,1,2,9.2,0,0,3.07
ODF,12364,1,HB,2024,1,4/15/2024,RMM,13:13,44.777021,122.476137,9,PC,0,1,2,4,21.2,19.1,23.4,21.23
ODF,12364,1,HB,2024,2,4/15/2024,RMM,13:37,44.777241,122.476621,12,C,0,1,1,4,29.8,14.4,23.5,22.57
ODF,12364,1,HB,2024,3,4/15/2024,JW,13:14,44.777385,122.476081,12,PC,0,1,2,4,27.5,27.6,23.5,26.2
ODF,12364,1,HB,2024,4,4/15/2024,JW,13:40,44.777205,122.475299,7,PC,0,1,1,4,31.9,27.8,30.6,30.1
ODF,12364,1,HB,2024,5,4/15/2024,SLG,13:56,44.776666,122.475816,16,C,0,1,1,4,33.1,20.2,17.7,23.67
ODF,12364,1,HB,2024,6,4/15/2024,SLG,13:33,44.776723,122.476516,10,C,0,1,1,4,25,23.6,16.3,21.63
ODF,12364,1,HB,2024,7,4/15/2024,SLG,13:12,44.776942,122.476776,16,PC,0,1,1,4,22,20.9,27.4,23.43
ODF,12421,1,BU,2024,1,5/14/2024,JW,9:30,44.766283,122.369181,25,SU,1,1,1,4,6.7,10,9.7,8.8
ODF,12421,1,BU,2024,2,5/14/2024,JW,9:50,44.76623,122.369468,15,SU,0,1,1,4,10,12,6.9,9.63
ODF,12421,1,BU,2024,3,5/14/2024,RMM,9:29,44.766092,122.369287,38,SU,1,1,2,4,11.9,10.3,14.3,12.17
ODF,12421,1,BU,2024,4,5/14/2024,RMM,9:59,44.766045,122.36902,28,SU,1,1,2,4,4.7,8.1,11.8,8.2
ODF,12421,1,BU,2024,5,5/14/2024,RMM,10:31,44.766312,122.368556,35,SU,1,1,2,4,20,24.5,19.6,21.37
ODF,12421,1,BU,2024,6,5/14/2024,SLG,10:05,44.766416,122.36882,34,SU,1,2,2,4,8.2,11.8,11.3,10.43
ODF,12421,1,BU,2024,7,5/14/2024,SLG,9:30,44.76645,122.369105,25,SU,2,2,2,4,23.1,7.5,13.4,14.67
ODF,12441,1,BU,2024,1,5/14/2024,SLG,12:38,44.770862,122.37755,35,SU,1,2,1,4,46,57.4,27.5,43.63
ODF,12441,1,BU,2024,2,5/14/2024,SLG,13:11,44.771115,122.377375,25,SU,3,2,3,4,21.6,26,26.2,24.6
ODF,12441,1,BU,2024,3,5/14/2024,RMM,12:37,44.770856,122.376971,35,SU,2,4,2,4,31.7,35.2,26.9,31.27
ODF,12441,1,BU,2024,4,5/14/2024,RMM,12:59,44.770532,122.377121,29,SU,2,1,1,4,19.9,34.6,26.2,26.9
ODF,12441,1,BU,2024,5,5/14/2024,JW,12:25,44.770502,122.377422,40,SU,1,1,1,4,21.3,16.6,22.4,20.1
ODF,12441,1,BU,2024,6,5/14/2024,JW,12:50,44.770624,122.377802,42,SU,1,1,1,4,24.8,27.2,26.2,26.07
ODF,12441,1,BU,2024,7,5/14/2024,JW,13:19,44.771044,122.377699,28,SU,1,1,2,4,24.7,14.1,21.1,19.97
ODF,12560,1,BU,2024,1,4/18/2024,JW,9:50,44.736851,122.39994,25,SU,1,3,1,3,18.2,14.6,19.7,17.5
ODF,12560,1,BU,2024,2,4/18/2024,RMM,9:42,44.736532,122.399582,21,SU,4,3,1,4,17.8,21.4,17.7,18.97
ODF,12560,1,BU,2024,3,4/18/2024,SLG,9:51,44.736235,122.400271,45,SU,3,3,2,4,11.2,26.1,16.1,17.8
ODF,12560,1,BU,2024,4,4/18/2024,SLG,10:16,44.736467,122.400723,40,SU,2,3,1,4,11.3,14.2,15.5,13.67
ODF,12560,1,BU,2024,5,4/18/2024,JW,10:17,44.736975,122.400287,23,SU,2,2,1,3,12.1,0,0,4.03
ODF,12560,1,BU,2024,6,4/18/2024,RMM,10:36,44.737223,122.39922,64,SU,3,4,2,3,14.4,15.6,18.2,16.07
ODF,12560,1,BU,2024,7,4/18/2024,RMM,10:10,44.737157,122.399335,64,SU,3,3,1,4,30,14.1,14.9,19.67
ODF,12776,1,BU,2024,1,4/18/2024,JW,13:18,44.734938,122.410678,33,SU,1,3,1,3,39,25.8,29.4,31.4
ODF,12776,1,BU,2024,2,4/18/2024,JW,13:49,44.734998,122.409874,23,SU,1,4,1,4,26.6,25.7,31.1,27.8
ODF,12776,1,BU,2024,3,4/18/2024,RMM,14:02,44.734828,122.410225,52,SU,2,3,1,4,21.9,23.6,25.7,23.73
ODF,12776,1,BU,2024,4,4/18/2024,SLG,13:47,44.734798,122.411173,49,SU,2,3,3,4,25.4,21.6,26.6,24.53
ODF,12776,1,BU,2024,5,4/18/2024,SLG,13:09,44.73479,122.411437,28,SU,2,2,2,4,33.6,24.9,22,26.83
ODF,12776,1,BU,2024,6,4/18/2024,RMM,13:20,44.735156,122.410101,23,SU,1,4,1,4,18.1,12.7,21.3,17.37
ODF,12776,1,BU,2024,7,4/18/2024,RMM,13:43,44.735435,122.410512,31,SU,3,3,1,4,18,32.9,26.8,25.9
ODF,12804,1,BU,2024,1,4/30/2024,JW,13:00,44.822106,122.61463,46,R,1,1,1,4,28.9,28.9,27.7,28.5
ODF,12804,1,BU,2024,2,4/30/2024,JW,13:31,44.822406,122.61457,27,R,1,1,1,4,36.9,28.9,24.3,30.03
ODF,12804,1,BU,2024,3,4/30/2024,RMM,13:00,44.822323,122.614423,41,R,2,3,3,3,30.6,23.8,28.4,27.6
ODF,12804,1,BU,2024,4,4/30/2024,RMM,13:30,44.821421,122.6144,46,R,3,3,3,4,25.2,27.7,27.2,26.7
ODF,12804,1,BU,2024,5,4/30/2024,SLG,13:55,44.821547,122.614571,50,R,4,3,2,3,27.9,29.7,27,28.2
ODF,12804,1,BU,2024,6,4/30/2024,SLG,13:25,44.821898,122.614651,50,R,1,2,3,4,28.9,31.4,24.4,28.23
ODF,12804,1,BU,2024,7,4/30/2024,SLG,12:56,44.82224,122.61497,36,R,3,2,3,4,30.6,22.3,35.3,29.4
ODF,12805,1,BU,2024,1,4/30/2024,SLG,9:54,44.820874,122.60985,49,C,2,1,1,4,33.2,36.6,35.1,34.97
ODF,12805,1,BU,2024,2,4/30/2024,SLG,10:25,44.821137,122.60948,45,C,2,2,1,4,40.5,28.7,30.7,33.3
ODF,12805,1,BU,2024,3,4/30/2024,RMM,9:55,44.820801,122.609202,59,C,2,1,2,4,26.9,31.8,30.3,29.67
ODF,12805,1,BU,2024,4,4/30/2024,RMM,10:19,44.820286,122.609294,39,C,2,3,2,4,26.8,24.2,29.5,26.83
ODF,12805,1,BU,2024,5,4/30/2024,RMM,10:45,44.820447,122.610124,34,C,2,3,2,4,35,33.2,38.9,35.7
ODF,12805,1,BU,2024,6,4/30/2024,JW,10:30,44.820918,122.610483,31,C,1,1,1,4,39.1,29.1,32.7,33.63
ODF,12805,1,BU,2024,7,4/30/2024,JW,10:00,44.821247,122.610206,24,C,1,1,2,4,27.4,29.9,28.6,28.63
ODF,12806,1,BU,2024,1,5/2/2024,JW,10:00,44.82299,122.602337,26,R,1,1,1,4,27.6,28.8,29.4,28.6
ODF,12806,1,BU,2024,2,5/2/2024,JW,10:20,44.823207,122.602619,28,R,1,1,1,4,32.4,34.5,32.2,33.03
ODF,12806,1,BU,2024,3,5/2/2024,SLG,10:58,44.823521,122.602375,35,R,2,2,1,4,23.6,37.4,33.6,31.53
ODF,12806,1,BU,2024,4,5/2/2024,SLG,10:27,44.823282,122.60216,49,R,3,2,2,3,26.8,33.7,27.7,29.4
ODF,12806,1,BU,2024,5,5/2/2024,SLG,10:03,44.822764,122.601916,31,R,2,1,1,4,31.1,35.1,30.7,32.3
ODF,12806,1,BU,2024,6,5/2/2024,RMM,10:24,44.82266,122.602474,41,R,4,3,1,4,30.2,33.3,35.6,33.03
ODF,12806,1,BU,2024,7,5/2/2024,RMM,10:06,44.82288,122.602536,35,R,3,3,2,4,27.6,15.8,28.3,23.9
BLM,13924,1,UU,2024,1,4/1/2024,SLG,14:03,45.037674,122.612181,88,SU,4,4,1,3,14.6,23.7,23.8,20.7
BLM,13924,1,UU,2024,2,4/1/2024,SLG,14:40,45.037406,122.611895,66,SU,3,2,1,3,8.9,14.5,12.7,12.03
BLM,13924,1,UU,2024,3,4/1/2024,JW,14:25,45.037419,122.612014,38,SU,2,2,2,4,30.4,19.4,28.9,26.23
BLM,13924,1,UU,2024,4,4/1/2024,JW,15:00,45.037494,122.612361,45,SU,4,3,2,4,32.3,12.2,27.3,23.93
BLM,13924,1,UU,2024,5,4/1/2024,JW,15:23,45.037764,122.612522,26,SU,4,4,1,4,36.9,18.3,29.9,28.37
BLM,13924,1,UU,2024,6,4/1/2024,RMM,15:16,45.037809,122.612585,29,SU,4,3,3,4,24.1,35,20.8,26.63
BLM,13924,1,UU,2024,7,4/1/2024,RMM,14:38,45.037837,122.611928,35,SU,4,1,2,4,11.8,14.5,11.4,12.57
BLM,15562,1,BU,2024,1,4/1/2024,RMM,10:33,45.002449,122.563947,21,SU,1,1,1,4,38.5,42.3,35.1,38.63
BLM,15562,1,BU,2024,2,4/1/2024,RMM,11:08,45.002691,122.563673,52,SU,1,2,1,4,34.9,40.2,29.8,34.97
BLM,15562,1,BU,2024,3,4/1/2024,SLG,10:45,45.00259,122.563423,62,SU,1,1,2,4,43.7,34.8,32.8,37.1
BLM,15562,1,BU,2024,4,4/1/2024,SLG,11:08,45.00216,122.563504,35,SU,1,1,2,4,46.4,46.2,45.8,46.13
BLM,15562,1,BU,2024,5,4/1/2024,SLG,11:35,45.002181,122.563998,22,SU,2,3,2,4,37.9,37.4,40.2,38.5
BLM,15562,1,BU,2024,6,4/1/2024,JW,11:24,45.002206,122.564291,40,SU,1,1,1,4,33.5,33.9,42.3,36.57
BLM,15562,1,BU,2024,7,4/1/2024,JW,10:45,45.00263,122.564106,33,SU,1,1,1,4,38.5,35.1,41.4,38.33
WY,20039,1,HU,2024,1,5/1/2024,JW,13:30,44.529163,122.581837,31,C,0,2,3,1,29.9,26,20.7,25.53
WY,20039,1,HU,2024,2,5/1/2024,JW,14:00,44.529144,122.58114,35,PC,0,2,2,2,23.5,36.5,24.9,28.3
WY,20039,1,HU,2024,3,5/1/2024,SLG,13:41,44.528681,122.581221,11,C,0,3,2,3,18.8,44.8,26.4,30
WY,20039,1,HU,2024,4,5/1/2024,SLG,14:07,44.52876,122.58211,25,C,0,4,2,2,25.1,18.2,35.4,26.23
WY,20039,1,HU,2024,5,5/1/2024,RMM,13:27,44.529142,122.582401,8,C,0,4,3,3,26.4,24.1,23.1,24.53
WY,20039,1,HU,2024,6,5/1/2024,RMM,13:53,44.529447,122.582067,7,C,0,4,3,3,28.9,25.8,23.3,26
WY,20039,1,HU,2024,7,5/1/2024,RMM,14:14,44.52954,122.581456,7,C,0,4,3,3,24.9,20.1,27.9,24.3
WY,20053,1,HU,2024,1,5/1/2024,RMM,9:57,44.548884,122.567289,26,C,0,4,2,4,45.4,33.3,33.3,37.33
WY,20053,1,HU,2024,2,5/1/2024,RMM,10:38,44.548571,122.56698,16,PC,0,4,3,4,38.9,33.2,38.5,36.87
WY,20053,1,HU,2024,3,5/1/2024,JW,10:00,44.548798,122.567899,15,C,0,2,1,1,26.7,20.4,17.7,21.6
WY,20053,1,HU,2024,4,5/1/2024,JW,10:29,44.549094,122.568003,11,C,0,2,2,2,37.4,35.9,34.1,35.8
WY,20053,1,HU,2024,5,5/1/2024,SLG,10:00,44.549203,122.567348,28,C,0,3,2,3,36.8,36.9,36.6,36.77
WY,20053,1,HU,2024,6,5/1/2024,SLG,10:24,44.549103,122.566834,20,C,0,3,2,4,21,26.1,32.9,26.67
WY,20053,1,HU,2024,7,5/1/2024,SLG,10:57,44.548903,122.566481,11,PC,0,4,2,3,26.5,22.5,22.3,23.77
WY,20550,1,HU,2024,1,4/2/2024,SLG,9:35,44.631311,122.653161,15,SU,0,4,2,1,31.9,28.9,45.7,35.5
WY,20550,1,HU,2024,2,4/2/2024,SLG,9:58,44.631352,122.653448,18,SU,0,3,2,1,4.1,11.1,20.9,12.03
WY,20550,1,HU,2024,3,4/2/2024,RMM,10:14,44.631532,122.653012,5,SU,0,3,3,1,25.1,36.1,17.9,26.37
WY,20550,1,HU,2024,4,4/2/2024,RMM,9:56,44.631386,122.652928,7,SU,0,3,3,1,21.6,21.3,36.7,26.53
WY,20550,1,HU,2024,5,4/2/2024,JW,10:22,44.631278,122.652805,8,SU,0,3,1,1,41.9,14.9,24.1,26.97
WY,20550,1,HU,2024,6,4/2/2024,JW,10:02,44.631092,122.652951,6,SU,0,4,2,1,25.4,25,16.1,22.17
WY,20550,1,HU,2024,7,4/2/2024,JW,9:43,44.631187,122.653232,12,SU,0,4,1,0,37.2,34.2,30.7,34.03
WY,20616,1,UU,2024,1,3/21/2024,SLG,10:29,44.628833,122.688821,37,C,3,2,1,4,34.3,34.9,43.9,37.7
WY,20616,1,UU,2024,2,3/21/2024,SLG,12:30,44.628731,122.688426,81,PC,3,3,1,4,32.4,32.3,34.9,33.2
WY,20616,1,UU,2024,3,3/21/2024,JW,12:30,44.628655,122.688957,100,PC,4,2,1,4,30.8,29.1,29.9,29.93
WY,20616,1,UU,2024,4,3/21/2024,JW,13:00,44.628702,122.689151,39,PC,4,2,0,4,42.3,24.2,31.1,32.53
WY,20616,1,UU,2024,5,3/21/2024,RMM,13:08,44.629144,122.689137,56,C,3,1,1,4,35.4,29.5,30.9,31.93
WY,20616,1,UU,2024,6,3/21/2024,RMM,12:28,44.629138,122.688507,44,PC,4,1,1,4,31.9,32.9,31.7,32.17
WY,20616,1,UU,2024,7,3/21/2024,JW,13:18,44.62908,122.688335,40,C,4,1,1,4,37.3,35.9,31.9,35.03
BLM,29121,1,UU,2024,1,3/25/2024,RMM,10:40,44.660577,122.699407,47,R,3,1,1,4,23.8,27.2,28.5,26.5
BLM,29121,1,UU,2024,2,3/25/2024,RMM,11:49,44.66061,122.699695,74,R,2,2,1,4,29.6,38.3,31.6,33.17
BLM,29121,1,UU,2024,3,3/25/2024,JW,10:50,44.660834,122.699581,45,C,3,1,1,4,36.4,39.4,41.1,38.97
BLM,29121,1,UU,2024,4,3/25/2024,JW,11:16,44.660847,122.699088,30,C,3,3,2,4,8.7,37.6,14.4,20.23
BLM,29121,1,UU,2024,5,3/25/2024,JW,12:00,44.660768,122.69893,33,R,2,1,1,4,34.8,38.9,30.8,34.83
BLM,29121,1,UU,2024,6,3/25/2024,SLG,11:21,44.660334,122.699235,50,C,4,4,2,4,29.7,34.3,34.5,32.83
BLM,29121,1,UU,2024,7,3/25/2024,SLG,10:51,44.660496,122.699736,71,C,3,4,1,4,30.9,33.9,15.6,26.8
BLM,29122,1,UU,2024,1,3/27/2024,JW,13:15,44.654463,122.683966,30,C,3,1,2,3,36.6,29.4,37.1,34.37
BLM,29122,1,UU,2024,2,3/27/2024,JW,13:45,44.654637,122.68363,45,C,4,2,1,2,36.6,30.9,25.6,31.03
BLM,29122,1,UU,2024,3,3/27/2024,RMM,13:45,44.654303,122.683535,30,C,4,3,2,3,31.6,31.8,32.9,32.1
BLM,29122,1,UU,2024,4,3/27/2024,RMM,14:21,44.654398,122.683997,36,C,4,2,2,4,34.2,35.8,29.9,33.3
BLM,29122,1,UU,2024,5,3/27/2024,SLG,14:54,44.654205,122.6845,51,PC,4,2,1,4,42.2,34.5,24.8,33.83
BLM,29122,1,UU,2024,6,3/27/2024,SLG,14:07,44.654516,122.684493,49,C,3,3,2,3,42.9,41.5,36.7,40.37
BLM,29122,1,UU,2024,7,3/27/2024,SLG,13:44,44.654921,122.683971,37,C,4,3,2,3,27.2,30.3,31.1,29.53
BLM,29123,1,UU,2024,1,3/27/2024,RMM,9:36,44.653356,122.697667,60,R,2,1,1,3,42.8,41,44.5,42.77
BLM,29123,1,UU,2024,2,3/27/2024,RMM,10:18,44.653169,122.69737,30,R,1,1,1,3,36.8,42,39.5,39.43
BLM,29123,1,UU,2024,3,3/27/2024,JW,9:42,44.653066,122.697857,80,R,4,1,1,4,31.4,38.5,41.6,37.17
BLM,29123,1,UU,2024,4,3/27/2024,JW,10:30,44.653269,122.697971,38,R,2,2,3,4,38.8,45.5,44.8,43.03
BLM,29123,1,UU,2024,5,3/27/2024,JW,10:48,44.65363,122.697899,45,R,2,2,2,4,46.4,45.6,43.7,45.23
BLM,29123,1,UU,2024,6,3/27/2024,SLG,10:29,44.653723,122.697646,47,R,3,2,1,4,38.5,42.2,41.6,40.77
BLM,29123,1,UU,2024,7,3/27/2024,SLG,9:48,44.653784,122.697545,52,R,3,2,2,4,43.1,39.7,41.4,41.4
BLM,29429,1,UU,2024,1,4/16/2024,RMM,12:00,44.640682,122.67365,45,C,2,2,3,4,40.5,39.7,39.9,40.03
BLM,29429,1,UU,2024,2,4/16/2024,RMM,12:41,44.640527,122.673726,49,C,3,3,4,4,31.9,28.3,34.8,31.67
BLM,29429,1,UU,2024,3,4/16/2024,SLG,12:04,44.640332,122.673926,35,C,3,3,1,4,28.1,26,24.9,26.33
BLM,29429,1,UU,2024,4,4/16/2024,SLG,12:29,44.640583,122.674598,60,C,3,2,3,4,26,39.2,31.2,32.13
BLM,29429,1,UU,2024,5,4/16/2024,JW,12:53,44.640779,122.674193,70,C,3,2,2,3,31.7,36.1,36.4,34.73
BLM,29429,1,UU,2024,6,4/16/2024,JW,12:30,44.641126,122.673999,48,PC,3,2,2,4,31.9,27.3,36.2,31.8
BLM,29429,1,UU,2024,7,4/16/2024,JW,12:00,44.640842,122.673728,79,PC,4,3,3,4,27.7,33.2,37.6,32.83
BLM,29431,1,UU,2024,1,4/2/2024,JW,12:34,44.648918,122.670677,28,SU,3,2,2,4,30.9,22.8,34.3,29.33
BLM,29431,1,UU,2024,2,4/2/2024,JW,13:00,44.648536,122.670436,51,SU,3,4,3,4,26.7,21.2,36.8,28.23
BLM,29431,1,UU,2024,3,4/2/2024,RMM,12:53,44.64856,122.670948,67,SU,3,2,1,4,26.1,27.3,30.2,27.87
BLM,29431,1,UU,2024,4,4/2/2024,RMM,13:27,44.648965,122.671162,45,SU,4,3,3,3,30.5,42.5,35.6,36.2
BLM,29431,1,UU,2024,5,4/2/2024,SLG,13:50,44.64904,122.67093,52,SU,3,3,2,4,21.6,25.6,25.9,24.37
BLM,29431,1,UU,2024,6,4/2/2024,SLG,13:20,44.649067,122.670565,65,SU,3,3,2,4,32.5,34.2,40.7,35.8
BLM,29431,1,UU,2024,7,4/2/2024,SLG,12:57,44.648866,122.670227,41,SU,2,2,2,3,35.5,32.8,34.1,34.13
BLM,29889,1,UU,2024,1,4/16/2024,JW,9:00,44.637613,122.66338,39,C,1,3,2,4,20.6,29.6,25.4,25.2
BLM,29889,1,UU,2024,2,4/16/2024,JW,9:32,44.63759,122.663292,48,C,1,2,2,4,17.8,25.4,24.4,22.53
BLM,29889,1,UU,2024,3,4/16/2024,SLG,9:05,44.63732,122.663545,30,C,3,3,3,4,17.1,21.4,32.8,23.77
BLM,29889,1,UU,2024,4,4/16/2024,SLG,9:58,44.6374,122.66355,30,PC,3,2,2,4,22.9,28.9,22.6,24.8
BLM,29889,1,UU,2024,5,4/16/2024,SLG,9:34,44.637676,122.663734,31,C,3,3,2,3,24.6,17.2,19.3,20.37
BLM,29889,1,UU,2024,6,4/16/2024,RMM,9:26,44.637864,122.663564,41,C,2,2,2,3,25.9,31.4,27.9,28.4
BLM,29889,1,UU,2024,7,4/16/2024,RMM,9:00,44.63756,122.662914,32,C,3,2,2,4,27.2,23.6,34.7,28.5
PB,33628,1,HB,2024,1,4/23/2024,SLG,14:45,45.199967,122.281082,8,PC,0,1,1,4,15.7,0,0,5.23
PB,33628,1,HB,2024,2,4/23/2024,SLG,15:09,45.199628,122.280862,6,SU,0,1,1,4,10.7,9.1,6.6,8.8
PB,33628,1,HB,2024,3,4/23/2024,JW,14:45,45.199678,122.281441,8,SU,0,1,1,2,7.8,12.9,8.3,9.67
PB,33628,1,HB,2024,4,4/23/2024,JW,15:07,44.199997,122.28159,9,SU,0,1,1,3,4.6,6.9,4.1,5.2
PB,33628,1,HB,2024,5,4/23/2024,RMM,14:40,45.200386,122.281222,7,SU,0,2,2,2,8.6,6.9,0,5.17
PB,33628,1,HB,2024,6,4/23/2024,RMM,15:05,45.200023,122.280592,11,SU,0,1,2,3,4.7,4.6,4.9,4.73
PB,33628,1,HB,2024,7,4/23/2024,RMM,15:26,45.199852,122.280446,10,SU,0,1,2,3,4.2,5.7,8.2,6.03
PB,33651,1,HB,2024,1,4/23/2024,RMM,11:41,45.191346,122.263034,16,SU,0,1,1,1,10.4,13.9,14.3,12.87
PB,33651,1,HB,2024,2,4/23/2024,RMM,12:02,45.191626,122.263465,9,SU,0,1,1,1,11.8,14.8,12.7,13.1
PB,33651,1,HB,2024,3,4/23/2024,JW,11:39,45.191709,122.262895,8,SU,0,1,1,3,16.5,4.4,10.2,10.37
PB,33651,1,HB,2024,4,4/23/2024,JW,12:00,45.191528,122.262217,8,SU,0,1,1,3,14.4,17.5,16.1,16
PB,33651,1,HB,2024,5,4/23/2024,SLG,11:34,45.191006,122.262583,8,PC,0,2,1,2,20.6,14.4,14.5,16.5
PB,33651,1,HB,2024,6,4/23/2024,SLG,11:55,45.190939,122.263155,10,PC,0,1,1,3,10.5,16.2,10.9,12.53
PB,33651,1,HB,2024,7,4/23/2024,SLG,12:18,45.191218,122.26375,9,PC,0,2,2,3,10.6,7.6,9.2,9.13
PB,33689,1,HU,2024,1,4/22/2024,SLG,13:39,45.173905,122.33654,12,SU,0,2,1,4,31.6,20.9,22.2,24.9
PB,33689,1,HU,2024,2,4/22/2024,SLG,14:03,45.173444,122.336333,8,PC,0,3,1,4,22.9,16.7,22.5,20.7
PB,33689,1,HU,2024,3,4/22/2024,JW,14:00,45.173669,122.337067,10,SU,0,1,1,4,24.2,25.5,24.4,24.7
PB,33689,1,HU,2024,4,4/22/2024,JW,13:45,45.174048,122.33746,14,SU,0,1,1,4,27.2,18.7,16.4,20.77
PB,33689,1,HU,2024,5,4/22/2024,RMM,13:38,45.174423,122.336775,14,SU,0,3,3,4,10.2,34.6,13.3,19.37
PB,33689,1,HU,2024,6,4/22/2024,RMM,13:57,45.174233,122.336403,8,SU,0,2,2,3,19.7,24.3,15.3,19.77
PB,33689,1,HU,2024,7,4/22/2024,RMM,14:16,45.173787,122.335992,26,SU,0,2,2,4,25.4,24.2,13,20.87
PB,33810,1,HU,2024,1,4/25/2024,SLG,13:30,45.14797,122.341516,19,R,0,1,2,3,24.8,22.7,18.8,22.1
PB,33810,1,HU,2024,2,4/25/2024,SLG,13:00,45.147826,122.341005,20,R,0,2,2,4,27.1,22.2,20.9,23.4
PB,33810,1,HU,2024,3,4/25/2024,RMM,13:03,45.147622,122.341348,31,R,0,3,2,4,26.7,37.9,35.3,33.3
PB,33810,1,HU,2024,4,4/25/2024,RMM,13:27,45.147577,122.341742,13,R,0,3,2,4,31,19.8,21,23.93
PB,33810,1,HU,2024,5,4/25/2024,RMM,14:01,45.147792,122.342009,20,R,0,2,3,4,21.5,26.6,42.6,30.23
PB,33810,1,HU,2024,6,4/25/2024,JW,13:28,45.148421,122.3414,16,R,0,2,1,4,23.6,30.3,22.6,25.5
PB,33810,1,HU,2024,7,4/25/2024,JW,13:00,45.148199,122.34119,26,R,0,1,1,4,16.6,24.6,29.8,23.67
PB,34007,1,HB,2024,1,4/22/2024,RMM,10:05,45.170956,122.293462,11,SU,0,1,2,1,4.4,19.9,10.4,11.57
PB,34007,1,HB,2024,2,4/22/2024,RMM,10:33,45.170703,122.292908,8,SU,0,1,2,1,13.4,13.2,13.8,13.47
PB,34007,1,HB,2024,3,4/22/2024,JW,10:00,45.170564,122.293537,12,SU,0,1,2,2,11.1,8.1,12.5,10.57
PB,34007,1,HB,2024,4,4/22/2024,JW,10:30,45.170817,122.293804,10,SU,0,1,1,1,6.8,8.7,10.2,8.57
PB,34007,1,HB,2024,5,4/22/2024,SLG,10:06,45.171253,122.293886,18,SU,0,1,1,3,14.5,16.5,15.6,15.53
PB,34007,1,HB,2024,6,4/22/2024,SLG,10:33,45.17139,122.293205,11,SU,0,1,2,3,18.3,21.8,10.3,16.8
PB,34007,1,HB,2024,7,4/22/2024,SLG,10:55,45.171041,122.293086,6,SU,0,1,2,3,11,7.1,16.5,11.53
PB,34017,1,HU,2024,1,3/28/2024,SLG,10:27,45.213388,122.525313,11,PC,0,1,1,4,36.9,43.5,20.6,33.67
PB,34017,1,HU,2024,2,3/28/2024,SLG,10:56,45.213712,122.525336,7,C,0,1,1,4,23.8,31.6,28.5,27.97
PB,34017,1,HU,2024,3,3/28/2024,JW,10:45,45.213664,122.525081,6,PC,0,1,1,4,33.6,37.9,37.9,36.47
PB,34017,1,HU,2024,4,3/28/2024,JW,11:00,45.213299,122.524972,5,C,0,1,1,4,33.8,40,32,35.27
PB,34017,1,HU,2024,5,3/28/2024,JW,11:22,45.213146,122.525181,8,C,0,1,2,4,41.6,40.5,35.5,39.2
PB,34017,1,HU,2024,6,3/28/2024,RMM,11:19,45.213188,122.5261,5,C,0,1,1,4,41.6,37.6,36.9,38.7
PB,34017,1,HU,2024,7,3/28/2024,RMM,10:49,45.213577,122.525746,10,C,0,1,1,4,38.8,37.6,28.3,34.9
PB,408143,1,HU,2024,1,5/8/2024,RMM,13:58,45.161514,122.369793,9,SU,0,1,1,4,28,30.3,33.9,30.73
PB,408143,1,HU,2024,2,5/8/2024,RMM,13:31,45.16117,122.369698,17,SU,0,1,1,4,24.9,26.2,14.8,21.97
PB,408143,1,HU,2024,3,5/8/2024,JW,13:30,45.161338,122.370056,25,SU,0,1,1,4,26.9,19.2,25.6,23.9
PB,408143,1,HU,2024,4,5/8/2024,JW,13:55,45.161594,122.370258,25,SU,0,1,1,4,23.8,14.6,22.7,20.37
PB,408143,1,HU,2024,5,5/8/2024,RMM,14:25,45.161972,122.370351,16,SU,0,1,2,4,22.5,24.6,21.9,23
PB,408143,1,HU,2024,6,5/8/2024,SLG,14:00,45.161853,122.369722,30,SU,0,1,3,4,24.4,23.5,16,21.3
PB,408143,1,HU,2024,7,5/8/2024,SLG,13:34,45.1615,122.369336,31,SU,0,1,2,4,32.4,24.9,21.4,26.23
PB,408162,1,HU,2024,1,4/24/2024,RMM,10:38,45.162737,122.319453,28,SU,0,3,2,2,19.3,19.2,16.6,18.37
PB,408162,1,HU,2024,2,4/24/2024,RMM,9:58,45.162982,122.319006,19,C,0,2,2,3,17.6,29.5,19.6,22.23
PB,408162,1,HU,2024,3,4/24/2024,JW,10:00,45.162708,122.318809,19,PC,0,4,3,1,11.9,15.5,19.7,15.7
PB,408162,1,HU,2024,4,4/24/2024,JW,10:33,45.162606,122.319277,20,SU,0,4,3,1,29.4,16.6,11.6,19.2
PB,408162,1,HU,2024,5,4/24/2024,SLG,10:58,45.162979,122.319762,45,PC,0,4,3,3,13.5,26.6,32.2,24.1
PB,408162,1,HU,2024,6,4/24/2024,SLG,10:34,45.163285,122.319624,25,PC,0,3,2,4,16.9,13.2,27.1,19.07
PB,408162,1,HU,2024,7,4/24/2024,SLG,10:01,45.163147,122.319362,38,C,0,4,3,3,14.6,15.4,17.9,15.97
PB,408180,1,HB,2024,1,4/23/2024,JW,8:50,45.189664,122.251165,7,SU,0,1,1,1,9.9,5.1,8.6,7.87
PB,408180,1,HB,2024,2,4/23/2024,JW,9:20,45.189664,122.25042,9,SU,0,2,1,2,24.5,16.7,24.9,22.03
PB,408180,1,HB,2024,3,4/23/2024,RMM,8:54,45.189367,122.250708,6,SU,0,2,1,3,19.8,14.3,9.8,14.63
PB,408180,1,HB,2024,4,4/23/2024,RMM,9:19,45.189204,122.251226,7,SU,0,1,2,2,11.5,12.4,23,15.63
PB,408180,1,HB,2024,5,4/23/2024,SLG,8:54,45.189597,122.251608,9,PC,0,1,2,4,18.2,19.4,20.2,19.27
PB,408180,1,HB,2024,6,4/23/2024,SLG,9:19,45.189931,122.25148,16,PC,0,2,2,4,10.4,5.6,21.4,12.47
PB,408180,1,HB,2024,7,4/23/2024,SLG,9:40,45.190071,122.250912,9,PC,0,1,1,3,17.2,15.7,12.4,15.1
PB,408178,1,BS,2024,1,4/10/2024,JW,9:11,45.208114,122.257323,10,SU,0,1,1,1,9.9,30.9,16.9,19.23
PB,408178,1,BS,2024,2,4/10/2024,JW,9:42,45.208386,122.257528,7,SU,0,1,1,1,7.8,21.1,15.9,14.93
PB,408178,1,BS,2024,3,4/10/2024,SLG,9:30,45.208348,122.257214,13,SU,0,1,1,2,7.7,12.4,16.4,12.17
PB,408178,1,BS,2024,4,4/10/2024,SLG,9:52,45.208205,122.256967,17,SU,0,1,1,2,15.5,10.9,13.5,13.3
PB,408178,1,BS,2024,5,4/10/2024,SLG,10:13,45.207895,122.257194,10,SU,0,3,2,1,19.4,13.4,6.5,13.1
PB,408178,1,BS,2024,6,4/10/2024,RMM,9:53,45.207915,122.257608,9,SU,0,4,3,1,30.1,18.7,26.5,25.1
PB,408178,1,BS,2024,7,4/10/2024,RMM,9:32,45.208137,122.257709,7,SU,0,1,2,1,24.3,26.4,12.2,20.97
PB,408178,2,HB,2024,1,4/10/2024,RMM,12:05,45.209387,122.26803,16,SU,0,1,1,4,18.5,28.5,26.2,24.4
PB,408178,2,HB,2024,2,4/10/2024,RMM,12:43,45.209198,122.267706,15,SU,0,1,1,3,38.2,38.6,31.5,36.1
PB,408178,2,HB,2024,3,4/10/2024,JW,12:19,45.209096,122.268077,8,SU,0,1,1,2,28,30.5,29.1,29.2
PB,408178,2,HB,2024,4,4/10/2024,JW,12:40,45.209306,122.268453,13,SU,0,1,2,3,28.4,21.8,35.4,28.53
PB,408178,2,HB,2024,5,4/10/2024,JW,13:04,45.20965,122.268338,7,SU,0,1,1,4,21.7,21.2,30.9,24.6
PB,408178,2,HB,2024,6,4/10/2024,SLG,12:44,45.209796,122.267863,40,SU,0,2,3,4,25.2,21.2,31.3,25.9
PB,408178,2,HB,2024,7,4/10/2024,SLG,12:17,45.209449,122.26755,16,PC,0,2,2,4,36.8,35.9,34.8,35.83
WY,10185,1,BS,2024,1,5/21/2024,JW,10:21,45.087933,122.345356,17,C,0,1,1,2,9.8,8,5.5,7.77
WY,10185,1,BS,2024,2,5/21/2024,JW,10:48,45.087838,122.344996,17,C,0,2,2,3,15.1,11.2,8.3,11.53
WY,10185,1,BS,2024,3,5/21/2024,SLG,10:20,45.087722,122.345345,17,C,0,1,3,4,15.2,7.9,14,12.37
WY,10185,1,BS,2024,4,5/21/2024,SLG,10:46,45.087934,122.345688,14,C,0,1,3,3,5.7,9.1,7.7,7.5
WY,10185,1,BS,2024,5,5/21/2024,RMM,11:08,45.08819,122.345879,17,R,0,3,2,4,3.9,4.1,8.7,5.57
WY,10185,1,BS,2024,6,5/21/2024,RMM,10:47,45.08818,122.345488,18,C,0,2,3,4,9.8,9.1,16.3,11.73
WY,10185,1,BS,2024,7,5/21/2024,RMM,10:22,45.088111,122.344954,6,C,0,4,2,4,14.6,17.7,28.7,20.33
WY,10597,1,HB,2024,1,5/21/2024,SLG,13:05,45.08609,122.344644,15,R,0,2,2,3,29.4,29.5,15.6,24.83
WY,10597,1,HB,2024,2,5/21/2024,SLG,13:31,45.08634,122.345038,10,R,0,2,2,3,21.3,17.1,12.5,16.97
WY,10597,1,HB,2024,3,5/21/2024,RMM,13:07,45.086336,122.344552,12,R,0,2,4,4,16.3,16.4,17.3,16.67
WY,10597,1,HB,2024,4,5/21/2024,RMM,13:29,45.086239,122.344185,21,R,0,1,2,4,14.1,17.4,14.8,15.43
WY,10597,1,HB,2024,5,5/21/2024,JW,13:47,45.08587,122.344194,8,R,0,1,1,3,17.4,16,14.3,15.9
WY,10597,1,HB,2024,6,5/21/2024,JW,13:27,45.085798,122.344709,9,R,0,1,1,3,18.4,19.9,15.1,17.8
WY,10597,1,HB,2024,7,5/21/2024,JW,13:00,45.08611,122.345096,10,R,0,1,2,2,7.4,8.4,12.1,9.3
ODF,12098,1,BU,2024,1,5/23/2024,RMM,9:39,45.818237,122.605556,39,C,2,3,2,4,22.5,30,27.1,26.53
ODF,12098,1,BU,2024,2,5/23/2024,RMM,10:15,45.818342,122.60571,39,C,1,3,1,4,26.9,26.5,27.3,26.9
ODF,12098,1,BU,2024,3,5/23/2024,SLG,9:40,45.818513,122.604949,49,C,2,2,2,4,34.9,35.1,31.1,33.7
ODF,12098,1,BU,2024,4,5/23/2024,SLG,10:09,44.818411,122.604997,46,C,3,2,1,4,33.6,35.5,35.1,34.73
ODF,12098,1,BU,2024,5,5/23/2024,JW,9:30,44.817818,122.605179,46,C,2,1,1,4,29.7,29.4,27.7,28.93
ODF,12098,1,BU,2024,6,5/23/2024,JW,10:00,44.817972,122.60587,45,C,2,1,1,4,29.8,20.9,36.5,29.07
ODF,12098,1,BU,2024,7,5/23/2024,JW,10:30,44.81824,122.605917,24,C,1,1,1,4,34.9,26.5,27.5,29.63
WY,20626,1,HU,2024,1,5/23/2024,JW,13:10,44.699422,122.561388,9,PC,0,2,1,3,23,16.2,37.8,25.67
WY,20626,1,HU,2024,2,5/23/2024,JW,13:35,44.699432,122.562009,10,SU,0,1,1,4,32,29.8,28.8,30.2
WY,20626,1,HU,2024,3,5/23/2024,SLG,13:12,44.699727,122.561397,18,PC,0,2,3,4,32.7,31.6,20.8,28.37
WY,20626,1,HU,2024,4,5/23/2024,SLG,13:40,44.699518,122.561141,18,PC,0,2,2,4,22.8,19.9,20.9,21.2
WY,20626,1,HU,2024,5,5/23/2024,RMM,13:04,44.699261,122.560921,30,C,0,1,3,4,25,34.9,27.9,29.27
WY,20626,1,HU,2024,6,5/23/2024,RMM,13:29,44.699006,122.56164,10,PC,0,4,3,4,21.3,38.5,27.3,29.03
WY,20626,1,HU,2024,7,5/23/2024,RMM,13:55,44.699086,122.562173,16,PC,0,4,1,4,39.4,36.2,36.6,37.4
WY,10471,1,BS,2024,1,5/27/2024,RMM,9:45,45.078283,122.399109,12,PC,0,1,3,4,35.1,31.2,26.1,30.8
WY,10471,1,BS,2024,2,5/27/2024,RMM,10:04,45.078133,122.399582,11,PC,0,1,2,4,16.6,27.8,18.7,21.03
WY,10471,1,BS,2024,3,5/27/2024,SLG,9:45,45.07848,122.39945,20,PC,0,2,3,3,24.2,35.5,35.6,31.77
WY,10471,1,BS,2024,4,5/27/2024,SLG,10:07,45.078493,122.398752,15,PC,0,1,3,4,35.6,39.6,39.1,38.1
WY,10471,1,BS,2024,5,5/27/2024,JW,9:40,45.078308,122.398321,15,SU,0,2,2,2,23.5,23.3,22.1,22.97
WY,10471,1,BS,2024,6,5/27/2024,JW,10:00,45.078095,122.398655,7,SU,0,1,1,3,25.5,17.2,26.5,23.07
WY,10471,1,BS,2024,7,5/27/2024,JW,10:23,45.077995,122.399204,10,SU,0,1,1,4,16.1,14.9,19.8,16.93
WY,10422,2,BS,2024,1,5/27/2024,SLG,14:44,45.074366,122.414007,10,PC,0,3,2,3,15.9,20.3,14.8,17
WY,10422,2,BS,2024,2,5/27/2024,SLG,15:09,45.074147,122.413591,20,SU,0,3,2,3,20.9,21.6,28.6,23.7
WY,10422,2,BS,2024,3,5/27/2024,RMM,14:42,45.074134,122.414036,7,PC,0,4,3,4,14.1,16.9,20.1,17.03
WY,10422,2,BS,2024,4,5/27/2024,RMM,15:05,45.074219,122.414352,7,PC,0,3,3,4,14.3,20.9,14.2,16.47
WY,10422,2,BS,2024,5,5/27/2024,JW,14:40,45.074638,122.41444,8,SU,0,2,1,4,23.9,31.3,27.2,27.47
WY,10422,2,BS,2024,6,5/27/2024,JW,15:00,45.074626,122.413936,8,SU,0,2,2,3,25.1,29.3,33.4,29.27
WY,10422,2,BS,2024,7,5/27/2024,JW,15:18,45.074436,122.413595,12,SU,0,4,2,3,37.5,27.9,25.4,30.27
WY,10471,2,BS,2024,1,5/27/2024,JW,11:40,45.077703,122.397192,10,SU,0,3,1,3,13.8,8.4,26.4,16.2
WY,10471,2,BS,2024,2,5/27/2024,JW,12:10,45.07738,122.396961,12,SU,0,3,1,4,16.3,23.4,15.3,18.33
WY,10471,2,BS,2024,3,5/27/2024,RMM,11:52,45.077431,122.397537,15,PC,0,4,2,4,11.9,15.9,25.4,17.73
WY,10471,2,BS,2024,4,5/27/2024,RMM,12:12,45.077746,122.397735,12,PC,0,3,4,3,10,17.9,25,17.63
WY,10471,2,BS,2024,5,5/27/2024,SLG,11:51,45.078068,122.397294,20,PC,0,4,3,3,31.8,30.6,22.4,28.27
WY,10471,2,BS,2024,6,5/27/2024,SLG,12:15,45.0779,122.396775,17,PC,0,3,3,3,18.7,15.6,28.4,20.9
WY,10471,2,BS,2024,7,5/27/2024,SLG,12:36,45.07758,122.396625,14,PC,0,4,2,4,13.5,18.5,14.2,15.4
