"site_id","X1","X2","X3","X4","X5","X6","X7","veg_cov","dwd_cov","fwd_cov","dwd_count","decay_cl","avg_volume","trt","soilmoist.1","soilmoist.2","soilmoist.3","soilmoist.4","soilmoist.5","soilmoist.6","soilmoist.7","temp.1","temp.2","temp.3","temp.4","temp.5","temp.6","temp.7","rain.1","rain.2","rain.3","rain.4","rain.5","rain.6","rain.7"
1,0,0,0,0,0,0,1,0.154628521523946,0.510325725071998,1.00559802717153,1.80664683463444,-0.221652981630159,1.99513246446697,"BU",-0.261945834900263,0.382936106273047,-0.0896643232149094,-0.449242347828754,-0.833896341149186,-0.0957956041924327,0.17735532543878,0.336516365401476,0.336516365401476,0.336516365401476,0.336516365401476,0.336516365401476,0.336516365401476,0.336516365401476,2.13367849768891,2.13367849768891,2.13367849768891,2.13367849768891,2.13367849768891,2.13367849768891,2.13367849768891
2,0,0,0,0,0,0,0,0.154628521523946,0.268492265802806,0.389826814776234,-0.485576364835683,-0.221652981630159,0.268681234163331,"BS",-1.66336378164725,-2.12115067695911,-2.93999473861607,2.29388880397734,-2.2680283570364,-1.48742377629627,-0.6031229044466,0.0218963391403504,0.0218963391403504,0.0218963391403504,0.0218963391403504,0.0218963391403504,0.0218963391403504,0.0218963391403504,-0.547221958691905,-0.547221958691905,-0.547221958691905,-0.547221958691905,-0.547221958691905,-0.547221958691905,-0.547221958691905
3,0,0,0,0,0,0,0,0.455207433261818,-1.18250848981235,-1.33433257993059,1.51087609921894,-0.221652981630159,0.151223411586292,"HB",0.211610229652579,0.534941373440466,0.177429576685305,0.868353890444785,1.0421033765934,0.95410139017579,1.08461174409349,-1.64254509011206,-1.64254509011206,-1.64254509011206,-1.64254509011206,-1.64254509011206,-1.64254509011206,-1.64254509011206,-0.547221958691905,-0.547221958691905,-0.547221958691905,-0.547221958691905,-0.547221958691905,-0.547221958691905,-0.547221958691905
4,0,0,0,0,0,0,0,0.455207433261818,-0.215174652735579,-1.21117833745153,0.623563892972443,-1.69034491208392,-0.612634503724086,"BS",-0.650800815121341,-0.241085520119628,0.659793185114318,0.287718260019158,-0.353268314577815,0.653542643180141,0.918215370293765,-1.0336031038002,-1.0336031038002,-1.0336031038002,-1.0336031038002,-1.0336031038002,-1.0336031038002,-1.0336031038002,-0.547221958691905,-0.547221958691905,-0.547221958691905,-0.547221958691905,-0.547221958691905,-0.547221958691905,-0.547221958691905
5,0,0,0,0,1,0,0,-0.546722272531088,-0.215174652735579,-0.472252882577178,0.401735841410817,0.512692983596721,0.691121651098715,"BS",1.34352472541303,1.0229582867886,2.3699914345942,0.324938493483154,0.115731615729939,0.999391064854379,1.34609176006449,-0.790026309275458,-0.790026309275458,-0.790026309275458,-0.790026309275458,-0.790026309275458,-0.790026309275458,-0.790026309275458,-0.547221958691905,-0.547221958691905,-0.547221958691905,-0.547221958691905,-0.547221958691905,-0.547221958691905,-0.547221958691905
6,0,0,0,0,0,0,0,0.75578634499969,1.96132648068715,1.49821499708776,1.80664683463444,-1.44556292367496,-0.0592324175377802,"BS",0.71981673795319,0.426937630410964,-1.58060638606675,-0.985213698990871,-0.68660710669351,-2.04736884041222,0.0109589516390521,-0.688535978223482,-0.688535978223482,-0.688535978223482,-0.688535978223482,-0.688535978223482,-0.688535978223482,-0.688535978223482,-0.547221958691905,-0.547221958691905,-0.547221958691905,-0.547221958691905,-0.547221958691905,-0.547221958691905,-0.547221958691905
7,0,0,0,1,0,1,1,-0.246143360793216,-0.215174652735579,-0.102790155140002,0.549621209118568,0.0231290067788011,-0.260770676049686,"UU",-0.43904810255941,-0.99311158309543,-1.27763420240835,-1.16759283894467,-0.694359172032064,-1.12510638257308,-1.11023566308957,-0.840771474801446,-0.840771474801446,-0.840771474801446,-0.840771474801446,-0.840771474801446,-0.840771474801446,-0.840771474801446,-0.547221958691905,-0.547221958691905,-0.547221958691905,-0.547221958691905,-0.547221958691905,-0.547221958691905,-0.547221958691905
8,0,0,0,0,0,0,0,0.455207433261818,1.96132648068715,-0.102790155140002,0.697506576826318,-0.95599894685704,-0.156307060089815,"HU",0.134609243161421,-0.12108136119796,0.0498623408942187,0.0941730502494846,-0.283499730019254,0.225349358790788,0.284324422881462,0.336516365401476,0.336516365401476,0.336516365401476,0.336516365401476,0.336516365401476,0.336516365401476,0.336516365401476,-0.340998846662612,-0.340998846662612,-0.340998846662612,-0.340998846662612,-0.340998846662612,-0.340998846662612,-0.340998846662612
9,0,0,0,0,0,0,1,-1.34826603716541,-0.457008112004771,0.636135299734352,0.105965105995317,-0.46643497003912,-0.111719045546074,"BS",0.257810821316271,-0.80110492882076,-1.09026982502706,0.12394923679736,-0.72149139897279,0.0441906625467789,-0.971572017860282,-0.972708905169015,-0.972708905169015,-0.972708905169015,-0.972708905169015,-0.972708905169015,-0.972708905169015,-0.972708905169015,-0.547221958691905,-0.547221958691905,-0.547221958691905,-0.547221958691905,-0.547221958691905,-0.547221958691905,-0.547221958691905
10,0,0,0,0,0,0,0,-1.64884494890329,-0.457008112004771,1.00559802717153,-0.781347100251184,1.98138491405048,1.0465524747214,"BS",0.381012399471121,0.906954266097638,0.257159098008285,-0.31152748602186,0.619615837154163,-0.511637158001104,0.379408065052734,-1.10464633553658,-1.10464633553658,-1.10464633553658,-1.10464633553658,-1.10464633553658,-1.10464633553658,-1.10464633553658,0.89633982551315,0.89633982551315,0.89633982551315,0.89633982551315,0.89633982551315,0.89633982551315,0.89633982551315
11,1,0,1,0,1,0,1,-1.94942386064116,1.96132648068715,1.86767772452494,0.179907789849192,1.2470389488236,1.5754947448777,"UU",0.161559589068584,-0.493094253855131,-0.591960312572638,0.324938493483154,0.522715025654877,0.888225500744802,0.0901953193227491,-0.241978521594787,-0.241978521594787,-0.241978521594787,-0.241978521594787,-0.241978521594787,-0.241978521594787,-0.241978521594787,0.0714473773959757,0.0714473773959757,0.0714473773959757,0.0714473773959757,0.0714473773959757,0.0714473773959757,0.0714473773959757
12,0,0,0,0,1,0,0,0.455207433261818,0.510325725071998,1.62136923956682,0.919334628387943,-0.46643497003912,1.67613638337802,"HU",-0.419797856802882,-0.485093977393715,-0.651757454162844,-0.668841720129939,-0.512185645297108,0.147121740014292,-1.16173930220283,-0.292723687120775,-0.292723687120775,-0.292723687120775,-0.292723687120775,-0.292723687120775,-0.292723687120775,-0.292723687120775,-0.547221958691905,-0.547221958691905,-0.547221958691905,-0.547221958691905,-0.547221958691905,-0.547221958691905,-0.547221958691905
13,0,0,0,0,0,0,0,-0.84730118426896,1.47765956214877,0.389826814776234,1.21510536380344,-0.46643497003912,1.55995266094277,"HB",0.739066984864733,0.48293957164109,0.807292800638178,0.3658807487303,0.115731615729939,0.637073671131187,0.783513544280644,-1.30762699764054,-1.30762699764054,-1.30762699764054,-1.30762699764054,-1.30762699764054,-1.30762699764054,-1.30762699764054,-0.547221958691905,-0.547221958691905,-0.547221958691905,-0.547221958691905,-0.547221958691905,-0.547221958691905,-0.547221958691905
14,0,0,0,0,0,0,1,-1.24807306658612,-1.18250848981235,-0.841715610014355,-0.559519048689559,1.73660292564152,-1.00526452996558,"HB",-0.827903082780489,-1.09311504846347,-0.420541839216753,-0.397134021649123,-0.504433581121363,-0.223430140350963,-1.13004475441622,0.539497027505428,0.539497027505428,0.539497027505428,0.539497027505428,0.539497027505428,0.539497027505428,0.539497027505428,-0.340998846662612,-0.340998846662612,-0.340998846662612,-0.340998846662612,-0.340998846662612,-0.340998846662612,-0.340998846662612
15,0,0,0,0,0,0,0,-0.84730118426896,0.268492265802806,0.0203640873390574,0.623563892972443,-1.69034491208392,-0.984117051338416,"HB",-0.762452244205254,0.0669251536459596,-0.356758221919181,0.0681188877179729,0.0730952581121041,-0.322243975115031,0.395255338351765,1.10784288139649,1.10784288139649,1.10784288139649,1.10784288139649,1.10784288139649,1.10784288139649,1.10784288139649,0.89633982551315,0.89633982551315,0.89633982551315,0.89633982551315,0.89633982551315,0.89633982551315,0.89633982551315
16,0,1,1,0,0,0,0,-1.84923089006187,0.268492265802806,1.62136923956682,1.65876146692669,-0.46643497003912,1.33242582771362,"BS",1.77088019830218,1.22696535695543,1.7441146863487,1.35966096234339,1.615756183739,1.30818429849209,1.25893175513701,-0.56674758096111,-0.56674758096111,-0.56674758096111,-0.56674758096111,-0.56674758096111,-0.56674758096111,-0.56674758096111,-0.340998846662612,-0.340998846662612,-0.340998846662612,-0.340998846662612,-0.340998846662612,-0.340998846662612,-0.340998846662612
17,0,0,0,0,0,0,0,0.0544355509446557,1.96132648068715,1.12875226965059,0.697506576826318,-1.200780935266,-0.884494531468619,"BS",0.912319203603578,0.374935828611589,0.0538488166015849,-0.31152748602186,-0.31063195695998,-0.260485328387488,0.0228444069104613,0.864266086871752,0.864266086871752,0.864266086871752,0.864266086871752,0.864266086871752,0.864266086871752,0.864266086871752,-0.340998846662612,-0.340998846662612,-0.340998846662612,-0.340998846662612,-0.340998846662612,-0.340998846662612,-0.340998846662612
18,1,0,0,1,0,0,1,0.455207433261818,1.47765956214877,1.12875226965059,0.253850473703067,-1.200780935266,-0.88296577278138,"HB",-1.05505599217865,-0.91710894951172,-0.384663554262629,-0.739560163041567,-1.33390453048554,-1.31449956545916,-0.690282909374085,1.70663583460315,1.70663583460315,1.70663583460315,1.70663583460315,1.70663583460315,1.70663583460315,1.70663583460315,-0.340998846662612,-0.340998846662612,-0.340998846662612,-0.340998846662612,-0.340998846662612,-0.340998846662612,-0.340998846662612
19,0,0,0,0,0,0,0,-1.34826603716541,1.23582610287957,0.75928954221341,-0.263748313274058,1.73660292564152,1.81627044326947,"HB",0.773717428612502,0.262931947351379,-0.30493403293965,0.373324795646421,-0.473425320929955,-0.7751407181954,0.213011691253007,-0.871218574117039,-0.871218574117039,-0.871218574117039,-0.871218574117039,-0.871218574117039,-0.871218574117039,-0.871218574117039,-0.547221958691905,-0.547221958691905,-0.547221958691905,-0.547221958691905,-0.547221958691905,-0.547221958691905,-0.547221958691905
20,0,0,0,0,0,0,0,-1.04768712542754,0.993992643610382,0.636135299734352,0.549621209118568,1.00225696041464,0.476079545912926,"BS",0.076858503581806,0.33093430327363,-0.229190986128094,0.157447446244993,0.00332667355354358,0.402390813566526,0.422988066922204,-1.07419923622099,-1.07419923622099,-1.07419923622099,-1.07419923622099,-1.07419923622099,-1.07419923622099,-1.07419923622099,-0.547221958691905,-0.547221958691905,-0.547221958691905,-0.547221958691905,-0.547221958691905,-0.547221958691905,-0.547221958691905
21,0,0,0,1,0,0,0,-1.94942386064116,-1.18250848981235,2.36029469444118,-0.411633680981808,-0.95599894685704,-0.947427488776317,"UU",0.446463236891341,-0.705101601683426,-0.448447172756144,0.0122885386385856,-0.0819460405193164,0.0730113639412412,-0.476344714488721,-0.31302175333117,-0.31302175333117,-0.31302175333117,-0.31302175333117,-0.31302175333117,-0.31302175333117,-0.31302175333117,-0.340998846662612,-0.340998846662612,-0.340998846662612,-0.340998846662612,-0.340998846662612,-0.340998846662612,-0.340998846662612
22,0,0,0,0,0,0,0,0.6555933744204,1.23582610287957,1.00559802717153,1.73270415078057,-0.71121695844808,-0.0220332149189667,"HB",0.985470140019418,0.166928620214044,1.17404860279009,0.511039656336707,0.069219226024232,0.995273822150933,0.767666269793068,1.74723196702394,1.74723196702394,1.74723196702394,1.74723196702394,1.74723196702394,1.74723196702394,1.74723196702394,0.89633982551315,0.89633982551315,0.89633982551315,0.89633982551315,0.89633982551315,0.89633982551315,0.89633982551315
23,0,0,0,0,0,0,0,0.6555933744204,1.23582610287957,1.25190651212965,-0.189805629420183,-1.200780935266,-0.550975485075268,"HU",-0.774002392121176,-0.697101324021967,-0.659730405577576,-1.16387081604491,-1.35328469325052,-1.02629254780902,-1.41133386290242,0.163982802613117,0.163982802613117,0.163982802613117,0.163982802613117,0.163982802613117,0.163982802613117,0.163982802613117,-0.340998846662612,-0.340998846662612,-0.340998846662612,-0.340998846662612,-0.340998846662612,-0.340998846662612,-0.340998846662612
24,0,0,0,0,0,0,0,-0.045757419634635,-1.18250848981235,-1.33433257993059,-1.07711783566668,0.0231290067788011,-0.785636310200987,"HB",0.404112695302967,1.15096272337172,0.213307861639429,0.142559352412751,0.0730952581121041,0.9458669047689,0.32394260672331,-2.07895351363555,-2.07895351363555,-2.07895351363555,-2.07895351363555,-2.07895351363555,-2.07895351363555,-2.07895351363555,-0.547221958691905,-0.547221958691905,-0.547221958691905,-0.547221958691905,-0.547221958691905,-0.547221958691905,-0.547221958691905
25,0,1,0,0,1,0,1,0.75578634499969,-0.940675030543155,-1.33433257993059,0.253850473703067,-0.46643497003912,-0.283192093335736,"BU",0.438763139050736,-0.589097580992466,-0.229190986128094,-0.181256672247695,-0.578078197767796,0.110066551977767,0.185278961494022,-0.00855076017524213,-0.00855076017524213,-0.00855076017524213,-0.00855076017524213,-0.00855076017524213,-0.00855076017524213,-0.00855076017524213,-0.340998846662612,-0.340998846662612,-0.340998846662612,-0.340998846662612,-0.340998846662612,-0.340998846662612,-0.340998846662612
26,0,0,0,0,0,1,0,0.455207433261818,1.47765956214877,-0.964869852493413,1.58481878307282,0.0231290067788011,0.289064252705426,"BU",0.423362941059495,0.122927094876085,0.57607718688803,-0.921939302995363,-0.485053418356382,-0.0216852281193815,0.0188825876942948,0.204578935033908,0.204578935033908,0.204578935033908,0.204578935033908,0.204578935033908,0.204578935033908,0.204578935033908,-0.340998846662612,-0.340998846662612,-0.340998846662612,-0.340998846662612,-0.340998846662612,-0.340998846662612,-0.340998846662612
27,1,1,0,0,1,0,1,0.455207433261818,1.96132648068715,1.62136923956682,0.919334628387943,-1.93512690049288,-0.231215105384158,"UU",1.17412255559449,1.41097173356864,0.679725566043034,0.60409023888009,0.999467020138375,1.77755001362141,0.981604464678432,1.20933321244847,1.20933321244847,1.20933321244847,1.20933321244847,1.20933321244847,1.20933321244847,1.20933321244847,-0.340998846662612,-0.340998846662612,-0.340998846662612,-0.340998846662612,-0.340998846662612,-0.340998846662612,-0.340998846662612
28,0,0,0,0,0,0,0,-1.94942386064116,-1.18250848981235,-1.45748682240965,-0.707404416397309,0.0231290067788011,-1.46006321491262,"UU",-0.177244750568499,0.21893042201342,0.52026652100519,0.823689611181275,-0.43078896331212,2.28808815949071,-1.78374479470029,-0.576896614066308,-0.576896614066308,-0.576896614066308,-0.576896614066308,-0.576896614066308,-0.576896614066308,-0.576896614066308,-0.547221958691905,-0.547221958691905,-0.547221958691905,-0.547221958691905,-0.547221958691905,-0.547221958691905,-0.547221958691905
29,1,1,0,1,0,1,1,-0.045757419634635,-0.457008112004771,-1.33433257993059,0.919334628387943,0.267910995187762,-0.356826199971198,"BU",-1.22830821091749,-1.49712905056644,-0.384663554262629,-0.136592392984185,-0.492805483694936,-1.16216157060961,-1.06665566003155,-0.160786256753206,-0.160786256753206,-0.160786256753206,-0.160786256753206,-0.160786256753206,-0.160786256753206,-0.160786256753206,-0.340998846662612,-0.340998846662612,-0.340998846662612,-0.340998846662612,-0.340998846662612,-0.340998846662612,-0.340998846662612
30,0,0,0,0,0,0,0,-1.94942386064116,-1.18250848981235,-0.841715610014355,1.51087609921894,-0.46643497003912,1.22159267994226,"BU",-1.37461008374917,-2.00914679533889,-1.86364618999237,-1.84500107447845,-1.64398712856235,-1.45448583219837,-1.54999750813171,-1.4395644280081,-1.4395644280081,-1.4395644280081,-1.4395644280081,-1.4395644280081,-1.4395644280081,-1.4395644280081,-0.547221958691905,-0.547221958691905,-0.547221958691905,-0.547221958691905,-0.547221958691905,-0.547221958691905,-0.547221958691905
31,0,0,0,0,0,0,0,0.355014462682528,-0.215174652735579,0.636135299734352,0.845391944534068,-0.95599894685704,0.0151659876998471,"HB",1.31272433058556,0.154928204321878,0.699657945775808,0.55942595961658,-0.306755924872108,0.320045950851411,0.910291733049978,0.285771199875488,0.285771199875488,0.285771199875488,0.285771199875488,0.285771199875488,0.285771199875488,0.285771199875488,-0.547221958691905,-0.547221958691905,-0.547221958691905,-0.547221958691905,-0.547221958691905,-0.547221958691905,-0.547221958691905
32,0,0,0,0,0,0,0,-1.84923089006187,-0.215174652735579,0.636135299734352,0.549621209118568,-0.221652981630159,0.206767395486155,"HB",0.658215949453272,0.778949830714552,0.623914900160195,1.11400742639409,1.30567358531334,0.661777129822204,0.549766256880083,-1.18583860037816,-1.18583860037816,-1.18583860037816,-1.18583860037816,-1.18583860037816,-1.18583860037816,-1.18583860037816,-0.340998846662612,-0.340998846662612,-0.340998846662612,-0.340998846662612,-0.340998846662612,-0.340998846662612,-0.340998846662612
33,0,0,0,0,0,0,0,-1.04768712542754,-0.457008112004771,-0.841715610014355,2.39818830546544,0.512692983596721,0.854951066935092,"BU",-1.12435687967418,-1.38912530753693,-0.815202973712111,-0.814000627736345,-0.938549217987027,-0.911009740995993,-0.76159564100254,0.904862219292542,0.904862219292542,0.904862219292542,0.904862219292542,0.904862219292542,0.904862219292542,0.904862219292542,-0.340998846662612,-0.340998846662612,-0.340998846662612,-0.340998846662612,-0.340998846662612,-0.340998846662612,-0.340998846662612
34,1,1,1,0,1,0,0,-1.24807306658612,-0.457008112004771,-1.33433257993059,1.51087609921894,0.267910995187762,0.197340184817273,"BU",-1.5902128452314,0.706947335361551,-0.492298409125,-0.449242347828754,-1.77964826512647,-1.75916182226801,-1.85505752632874,-1.56135282527048,-1.56135282527048,-1.56135282527048,-1.56135282527048,-1.56135282527048,-1.56135282527048,-1.56135282527048,-0.547221958691905,-0.547221958691905,-0.547221958691905,-0.547221958691905,-0.547221958691905,-0.547221958691905,-0.547221958691905
35,0,0,1,1,1,0,0,0.154628521523946,1.23582610287957,-0.841715610014355,1.14116267994957,0.0231290067788011,-0.430969785180468,"BU",0.354062053563957,-0.0370784499527919,0.20932138473612,-0.263141183858594,-0.36102037875356,0.0730113639412412,0.557689894123871,-0.292723687120775,-0.292723687120775,-0.292723687120775,-0.292723687120775,-0.292723687120775,-0.292723687120775,-0.292723687120775,-0.340998846662612,-0.340998846662612,-0.340998846662612,-0.340998846662612,-0.340998846662612,-0.340998846662612,-0.340998846662612
36,0,0,0,0,0,0,0,-1.84923089006187,0.993992643610382,0.266672572297175,0.993277312241818,-0.46643497003912,0.77571156560739,"BU",-1.56711254939956,-1.27712142627672,-1.365336676342,-0.326415579854101,-0.814516178384204,-1.31038232275571,-1.01911383894592,-0.962559872063817,-0.962559872063817,-0.962559872063817,-0.962559872063817,-0.962559872063817,-0.962559872063817,-0.962559872063817,-0.547221958691905,-0.547221958691905,-0.547221958691905,-0.547221958691905,-0.547221958691905,-0.547221958691905,-0.547221958691905
37,1,0,0,0,1,1,1,-0.346336331372507,0.510325725071998,1.49821499708776,-0.263748313274058,-2.17990888890184,-0.479634597212118,"BU",0.153859490072964,0.438938046303131,0.767428039976689,1.21078003183723,0.472326602698487,0.324163193554857,0.581460804666689,-0.31302175333117,-0.31302175333117,-0.31302175333117,-0.31302175333117,-0.31302175333117,-0.31302175333117,-0.31302175333117,-0.547221958691905,-0.547221958691905,-0.547221958691905,-0.547221958691905,-0.547221958691905,-0.547221958691905,-0.547221958691905
38,0,0,0,0,0,0,0,-0.546722272531088,-0.940675030543155,2.23714045196212,-0.337690997127933,1.73660292564152,-0.969339266005652,"BU",-0.0501931234933469,-0.00507734170704158,0.408645190435454,-0.467852463444145,-0.233111307062865,0.0565423918922876,-0.286177430146176,-0.455108216803937,-0.455108216803937,-0.455108216803937,-0.455108216803937,-0.455108216803937,-0.455108216803937,-0.455108216803937,-0.547221958691905,-0.547221958691905,-0.547221958691905,-0.547221958691905,-0.547221958691905,-0.547221958691905,-0.547221958691905
39,0,0,0,0,0,0,0,-0.84730118426896,-0.457008112004771,-0.964869852493413,1.51087609921894,0.512692983596721,1.61855416221711,"UU",0.985470140019418,0.246931392028462,0.109659482484424,0.671086657775355,-0.748623627076326,-0.738085530158875,0.0307680429657036,-0.0694449588064279,-0.0694449588064279,-0.0694449588064279,-0.0694449588064279,-0.0694449588064279,-0.0694449588064279,-0.0694449588064279,-0.547221958691905,-0.547221958691905,-0.547221958691905,-0.547221958691905,-0.547221958691905,-0.547221958691905,-0.547221958691905
40,0,0,0,0,1,0,0,-1.64884494890329,-0.940675030543155,1.12875226965059,-0.707404416397309,-0.71121695844808,-1.29266680312795,"BU",0.511914075466576,1.75898379444148,1.26573755362705,1.87702219789012,0.95683066252054,1.0240945235454,2.18995908433454,0.559795093715824,0.559795093715824,0.559795093715824,0.559795093715824,0.559795093715824,0.559795093715824,0.559795093715824,-0.340998846662612,-0.340998846662612,-0.340998846662612,-0.340998846662612,-0.340998846662612,-0.340998846662612,-0.340998846662612
41,0,0,0,0,0,0,0,-0.246143360793216,-0.215174652735579,1.62136923956682,0.179907789849192,-0.95599894685704,-1.37241578302946,"BU",0.585065011882417,0.902954127866929,0.205334909028754,-0.0919281137206753,0.735896811418431,1.49757748137816,0.652773536295144,-0.99300697137941,-0.99300697137941,-0.99300697137941,-0.99300697137941,-0.99300697137941,-0.99300697137941,-0.99300697137941,-0.547221958691905,-0.547221958691905,-0.547221958691905,-0.547221958691905,-0.547221958691905,-0.547221958691905,-0.547221958691905
42,0,0,0,0,0,0,0,0.154628521523946,-1.18250848981235,-0.841715610014355,-0.485576364835683,0.267910995187762,-0.915536390816659,"HU",-2.06376890978425,-1.87714222052505,-1.52878219708721,-1.98643795873846,-0.748623627076326,-1.40507891481633,-1.36379204181678,-1.39896829558731,-1.39896829558731,-1.39896829558731,-1.39896829558731,-1.39896829558731,-1.39896829558731,-1.39896829558731,-0.547221958691905,-0.547221958691905,-0.547221958691905,-0.547221958691905,-0.547221958691905,-0.547221958691905,-0.547221958691905
43,0,0,0,0,0,0,0,0.75578634499969,-0.940675030543155,-0.595407125056237,-0.855289784105059,-0.221652981630159,-1.86976424525919,"HU",-2.18697048759259,-2.26515566766511,-2.27425322887192,-1.8226689348467,-2.09360689563999,-1.93620327630265,-2.29085755298669,1.61529453665637,1.61529453665637,1.61529453665637,1.61529453665637,1.61529453665637,1.61529453665637,1.61529453665637,-0.340998846662612,-0.340998846662612,-0.340998846662612,-0.340998846662612,-0.340998846662612,-0.340998846662612,-0.340998846662612
44,0,0,0,0,0,0,0,1.05636525673756,-0.457008112004771,-1.21117833745153,0.401735841410817,-0.95599894685704,-1.20527402979025,"HU",-1.01270544943526,1.22696535695543,0.771414515684055,-0.616733395066915,0.162244005435646,0.583549509810535,-0.500115625031539,0.640987358557405,0.640987358557405,0.640987358557405,0.640987358557405,0.640987358557405,0.640987358557405,0.640987358557405,-0.340998846662612,-0.340998846662612,-0.340998846662612,-0.340998846662612,-0.340998846662612,-0.340998846662612,-0.340998846662612
45,0,0,0,0,0,0,0,0.956172286158272,0.268492265802806,-0.841715610014355,1.14116267994957,1.49182093723256,1.56581271418046,"UU",0.257810821316271,0.882953434313304,0.281077954644367,0.909296146808538,0.212632427229225,0.394156326924462,-0.143551966889266,1.28037644418485,1.28037644418485,1.28037644418485,1.28037644418485,1.28037644418485,1.28037644418485,1.28037644418485,-0.340998846662612,-0.340998846662612,-0.340998846662612,-0.340998846662612,-0.340998846662612,-0.340998846662612,-0.340998846662612
46,0,0,0,0,0,0,0,0.956172286158272,0.993992643610382,-0.225944397619061,0.179907789849192,-0.95599894685704,0.0207713823920867,"HU",-1.0858563858511,-0.481093837962964,-1.39722848558876,-1.39091423526222,-0.616838522134949,-1.2403891893861,-0.369375617046039,0.833818987556159,0.833818987556159,0.833818987556159,0.833818987556159,0.833818987556159,0.833818987556159,0.833818987556159,0.483893601454563,0.483893601454563,0.483893601454563,0.483893601454563,0.483893601454563,0.483893601454563,0.483893601454563
47,0,0,0,0,0,0,0,0.75578634499969,-0.215174652735579,-0.841715610014355,0.032022422141442,1.2470389488236,0.459008703290758,"HU",-1.77501521188617,-1.24912045506164,-1.14209401520253,2.53954233992665,-0.740871561737771,-1.18274778659718,-1.03496111224495,-0.0491468925960324,-0.0491468925960324,-0.0491468925960324,-0.0491468925960324,-0.0491468925960324,-0.0491468925960324,-0.0491468925960324,0.89633982551315,0.89633982551315,0.89633982551315,0.89633982551315,0.89633982551315,0.89633982551315,0.89633982551315
48,0,0,0,0,0,0,0,1.05636525673756,-0.457008112004771,-0.225944397619061,-1.00317515181281,0.267910995187762,0.221800000847277,"BU",-0.904904069271647,-0.605098136315383,-1.36135020063464,-0.508794719807898,-1.02769796531057,-0.882189038366359,-0.377299254289827,-0.404363051277949,-0.404363051277949,-0.404363051277949,-0.404363051277949,-0.404363051277949,-0.404363051277949,-0.404363051277949,-0.547221958691905,-0.547221958691905,-0.547221958691905,-0.547221958691905,-0.547221958691905,-0.547221958691905,-0.547221958691905
49,0,0,0,0,0,1,1,0.75578634499969,-0.215174652735579,1.25190651212965,-0.041920261712433,1.49182093723256,0.517355384536741,"UU",-0.0694433692498754,0.610944008224217,0.380739858092005,-0.635343510682306,-0.547069937576388,-0.169905980265483,-0.274291974874766,0.184280868823512,0.184280868823512,0.184280868823512,0.184280868823512,0.184280868823512,0.184280868823512,0.184280868823512,-0.547221958691905,-0.547221958691905,-0.547221958691905,-0.547221958691905,-0.547221958691905,-0.547221958691905,-0.547221958691905
50,1,1,0,0,1,1,1,0.956172286158272,-0.940675030543155,-0.595407125056237,-1.81654467420543,0.0231290067788011,-1.16374353262099,"UU",0.273211018152496,-0.969110751311096,-0.145474987901806,-0.166368578415454,0.840549688256272,-0.297540516424014,-0.634817452233206,0.6612854247678,0.6612854247678,0.6612854247678,0.6612854247678,0.6612854247678,0.6612854247678,0.6612854247678,0.0714473773959757,0.0714473773959757,0.0714473773959757,0.0714473773959757,0.0714473773959757,0.0714473773959757,0.0714473773959757
51,0,0,0,0,0,0,0,0.455207433261818,-0.215174652735579,0.636135299734352,-1.00317515181281,1.73660292564152,0.878688892884749,"UU",0.446463236891341,0.318933887381463,-0.576014407351288,0.127671259697117,0.294029109214213,0.101832065335703,0.529957164364886,-0.404363051277949,-0.404363051277949,-0.404363051277949,-0.404363051277949,-0.404363051277949,-0.404363051277949,-0.404363051277949,-0.340998846662612,-0.340998846662612,-0.340998846662612,-0.340998846662612,-0.340998846662612,-0.340998846662612,-0.340998846662612
52,0,1,0,0,0,0,0,0.75578634499969,0.510325725071998,0.266672572297175,-1.15106051952056,1.49182093723256,0.622838119127134,"UU",-0.0578932213339523,-0.733102571698468,-0.524190218371757,-0.773058372489199,-0.760251724502752,-0.52810613128523,-0.492191988976297,-0.241978521594787,-0.241978521594787,-0.241978521594787,-0.241978521594787,-0.241978521594787,-0.241978521594787,-0.241978521594787,0.0714473773959757,0.0714473773959757,0.0714473773959757,0.0714473773959757,0.0714473773959757,0.0714473773959757,0.0714473773959757
53,0,0,1,0,0,0,0,0.6555933744204,-0.940675030543155,-0.841715610014355,-0.411633680981808,1.2470389488236,0.523979897859503,"UU",0.0152577150818882,-0.797104790590052,0.301010335573083,-0.564625068887285,-0.287375762107126,-0.93571319968701,-0.876488375689009,0.184280868823512,0.184280868823512,0.184280868823512,0.184280868823512,0.184280868823512,0.184280868823512,0.184280868823512,0.89633982551315,0.89633982551315,0.89633982551315,0.89633982551315,0.89633982551315,0.89633982551315,0.89633982551315
54,0,0,0,0,0,0,0,0.75578634499969,1.47765956214877,-0.472252882577178,0.032022422141442,0.512692983596721,0.817242224259562,"UU",-0.119494010988884,-0.185083580089544,0.0538488166015849,0.310050399650913,-0.442417060738547,-0.569278562025201,-0.103933783047418,-0.110041091227218,-0.110041091227218,-0.110041091227218,-0.110041091227218,-0.110041091227218,-0.110041091227218,-0.110041091227218,-0.547221958691905,-0.547221958691905,-0.547221958691905,-0.547221958691905,-0.547221958691905,-0.547221958691905,-0.547221958691905
55,0,1,0,0,0,0,0,1.05636525673756,-0.457008112004771,-1.33433257993059,-0.929232467958934,1.00225696041464,-0.0811443562500223,"HB",0.600465209873657,0.6309447005778,0.639860804185602,0.600368214863726,0.542095187257048,0.649425400476696,0.629002625752326,1.27022741107966,1.27022741107966,1.27022741107966,1.27022741107966,1.27022741107966,1.27022741107966,1.27022741107966,2.33990160971821,2.33990160971821,2.33990160971821,2.33990160971821,2.33990160971821,2.33990160971821,2.33990160971821
56,1,0,1,0,0,0,0,0.956172286158272,-0.940675030543155,-1.21117833745153,0.845391944534068,-0.221652981630159,-0.58256945448475,"HB",0.00370756716596549,0.734948305376594,-0.00594832498862088,0.00112246882270802,0.356045628434219,0.357101138887937,0.149622595679795,1.00635255034452,1.00635255034452,1.00635255034452,1.00635255034452,1.00635255034452,1.00635255034452,1.00635255034452,-0.547221958691905,-0.547221958691905,-0.547221958691905,-0.547221958691905,-0.547221958691905,-0.547221958691905,-0.547221958691905
57,0,0,0,0,0,0,0,0.6555933744204,-1.18250848981235,-1.45748682240965,-0.485576364835683,-0.46643497003912,0.440409101981351,"HU",0.207760180732276,0.586943176439883,0.663779660821684,0.849743774829394,1.20489674056338,0.464149460294068,0.739933541222629,-1.0336031038002,-1.0336031038002,-1.0336031038002,-1.0336031038002,-1.0336031038002,-1.0336031038002,-1.0336031038002,-0.340998846662612,-0.340998846662612,-0.340998846662612,-0.340998846662612,-0.340998846662612,-0.340998846662612,-0.340998846662612
58,0,0,0,0,0,1,0,0.75578634499969,-0.940675030543155,-1.21117833745153,-1.07711783566668,0.757474972005681,-1.4799367548809,"HU",0.735216934789415,0.794950384837428,1.01458955894819,0.894408054092904,0.239764654169951,1.08173592756949,1.44513722026339,0.519198961295034,0.519198961295034,0.519198961295034,0.519198961295034,0.519198961295034,0.519198961295034,0.519198961295034,-0.547221958691905,-0.547221958691905,-0.547221958691905,-0.547221958691905,-0.547221958691905,-0.547221958691905,-0.547221958691905
59,0,0,0,1,0,0,1,1.05636525673756,-0.457008112004771,-1.33433257993059,0.401735841410817,-0.71121695844808,-0.280389395989616,"HU",1.8286309378818,0.0669251536459596,1.14614327044664,0.540815842884583,0.794037298550565,1.84754314699102,0.629002625752326,-0.465257249909134,-0.465257249909134,-0.465257249909134,-0.465257249909134,-0.465257249909134,-0.465257249909134,-0.465257249909134,-0.340998846662612,-0.340998846662612,-0.340998846662612,-0.340998846662612,-0.340998846662612,-0.340998846662612,-0.340998846662612
60,0,1,0,1,0,1,0,0.154628521523946,-1.18250848981235,-1.21117833745153,-1.59471662264381,1.73660292564152,-1.17418986192039,"HB",-0.446748201555031,-0.453092867947922,-0.269055747985527,0.239331957855892,-0.264119567254273,-0.062857658859352,0.331866243967098,0.245175067454698,0.245175067454698,0.245175067454698,0.245175067454698,0.245175067454698,0.245175067454698,0.245175067454698,-0.134775734633318,-0.134775734633318,-0.134775734633318,-0.134775734633318,-0.134775734633318,-0.134775734633318,-0.134775734633318
61,0,0,0,0,0,0,0,-0.646915243110379,-0.940675030543155,-0.225944397619061,-1.07711783566668,1.2470389488236,0.427924373937991,"HU",0.896919005612337,1.21896507929397,0.839184609884936,0.879519960260663,0.693260453800597,0.427094272257543,0.775589907036856,0.762775755819776,0.762775755819776,0.762775755819776,0.762775755819776,0.762775755819776,0.762775755819776,0.762775755819776,-0.134775734633318,-0.134775734633318,-0.134775734633318,-0.134775734633318,-0.134775734633318,-0.134775734633318,-0.134775734633318
62,0,0,0,0,1,0,0,1.05636525673756,0.510325725071998,-0.964869852493413,-0.633461732543434,-0.221652981630159,-0.0485312682100172,"HU",0.600465209873657,0.774949691283802,1.81587125625694,0.965126495887926,0.332789433581366,0.719418532611128,1.57587722824889,0.397410564032662,0.397410564032662,0.397410564032662,0.397410564032662,0.397410564032662,0.397410564032662,0.397410564032662,0.690116713483857,0.690116713483857,0.690116713483857,0.690116713483857,0.690116713483857,0.690116713483857,0.690116713483857
63,0,0,0,0,0,0,0,0.6555933744204,0.510325725071998,-0.841715610014355,-0.411633680981808,1.00225696041464,3.71746475024378,"HU",1.18952275358573,0.818951216621761,0.42857757136417,0.544537865784339,-0.236987340313547,-0.227547383054408,0.747857178466417,2.18364039054744,2.18364039054744,2.18364039054744,2.18364039054744,2.18364039054744,2.18364039054744,2.18364039054744,-0.134775734633318,-0.134775734633318,-0.134775734633318,-0.134775734633318,-0.134775734633318,-0.134775734633318,-0.134775734633318
64,0,0,1,1,1,0,0,1.05636525673756,0.268492265802806,-0.472252882577178,-1.07711783566668,0.0231290067788011,-0.2490504080914,"HU",0.588915061957734,0.870953018421137,1.3972912651255,0.444043237441442,0.286277043875659,-1.40713753555047,0.141698959624552,1.23978031176406,1.23978031176406,1.23978031176406,1.23978031176406,1.23978031176406,1.23978031176406,1.23978031176406,0.690116713483857,0.690116713483857,0.690116713483857,0.690116713483857,0.690116713483857,0.690116713483857,0.690116713483857
65,1,0,0,0,0,0,1,0.6555933744204,-0.457008112004771,-0.472252882577178,-1.66865930649768,0.267910995187762,-1.37746906766026,"BS",0.411812793143572,0.602943730562758,0.831211657274261,1.44526749797066,0.95683066252054,0.86763928475723,0.973680828623189,0.427857663348255,0.427857663348255,0.427857663348255,0.427857663348255,0.427857663348255,0.427857663348255,0.427857663348255,-0.340998846662612,-0.340998846662612,-0.340998846662612,-0.340998846662612,-0.340998846662612,-0.340998846662612,-0.340998846662612
66,0,0,0,0,1,0,0,0.6555933744204,-0.457008112004771,1.12875226965059,-1.22500320337443,-0.221652981630159,-0.928573067438553,"HB",0.346361955723352,0.574942760547717,-0.0537860382607858,0.339826586198788,-0.120706366049279,0.912928959435819,1.12819174715151,0.356814431611872,0.356814431611872,0.356814431611872,0.356814431611872,0.356814431611872,0.356814431611872,0.356814431611872,0.277670489425269,0.277670489425269,0.277670489425269,0.277670489425269,0.277670489425269,0.277670489425269,0.277670489425269
67,0,0,0,0,1,1,0,0.956172286158272,-0.215174652735579,1.25190651212965,-1.59471662264381,-0.46643497003912,-1.02373688274372,"HB",-0.331246722395801,-0.177083302428086,0.173443099781997,0.343548609098545,-0.109078268622852,-0.799844176886417,-0.611046541690388,1.60514550355118,1.60514550355118,1.60514550355118,1.60514550355118,1.60514550355118,1.60514550355118,1.60514550355118,0.277670489425269,0.277670489425269,0.277670489425269,0.277670489425269,0.277670489425269,0.277670489425269,0.277670489425269
68,0,0,0,1,0,0,0,0.154628521523946,-1.18250848981235,-0.472252882577178,-1.00317515181281,0.757474972005681,-0.618494718444683,"BU",-0.0344079209565805,-0.225084965996753,0.0259434842581364,-0.237459223282076,0.116119218589883,0.168119679901657,-0.103933783047418,-0.688535978223482,-0.688535978223482,-0.688535978223482,-0.688535978223482,-0.688535978223482,-0.688535978223482,-0.688535978223482,-0.340998846662612,-0.340998846662612,-0.340998846662612,-0.340998846662612,-0.340998846662612,-0.340998846662612,-0.340998846662612
69,0,0,0,0,0,0,0,0.75578634499969,1.96132648068715,0.0203640873390574,-0.411633680981808,0.0231290067788011,0.998142482718107,"BS",0.0926437061185723,-0.0774798505231007,1.18600803110813,-0.408300091465,1.34055787759262,1.72443757743573,-0.4723828964611,-0.952410838958619,-0.952410838958619,-0.952410838958619,-0.952410838958619,-0.952410838958619,-0.952410838958619,-0.952410838958619,-0.547221958691905,-0.547221958691905,-0.547221958691905,-0.547221958691905,-0.547221958691905,-0.547221958691905,-0.547221958691905
70,0,0,0,0,0,0,0,0.455207433261818,-0.215174652735579,0.389826814776234,0.179907789849192,1.49182093723256,1.62517867553987,"HB",0.469178528177661,0.0425243083985676,0.436151875566948,0.306328376751156,-0.124582398137151,0.138475529472436,0.237178783242024,-0.73928114374947,-0.73928114374947,-0.73928114374947,-0.73928114374947,-0.73928114374947,-0.73928114374947,-0.73928114374947,-0.340998846662612,-0.340998846662612,-0.340998846662612,-0.340998846662612,-0.340998846662612,-0.340998846662612,-0.340998846662612
71,1,0,0,1,1,1,1,1.05636525673756,0.268492265802806,-0.472252882577178,0.549621209118568,-0.46643497003912,-0.31453124271686,"BS",0.153859490072964,0.062925015415251,-0.0541846854727396,0.295162306935279,0.437054707559263,0.200234176199979,0.0945533199851146,-1.35837216316652,-1.35837216316652,-1.35837216316652,-1.35837216316652,-1.35837216316652,-1.35837216316652,-1.35837216316652,-0.547221958691905,-0.547221958691905,-0.547221958691905,-0.547221958691905,-0.547221958691905,-0.547221958691905,-0.547221958691905
72,0,1,0,1,0,1,1,0.956172286158272,-0.457008112004771,-0.225944397619061,-0.855289784105059,-0.221652981630159,-0.251088645352446,"UU",-1.15939232796748,-1.14551686492595,-1.3218840871851,-1.17875890876054,-0.865292204200538,-1.38819821763241,-1.54563950746934,-0.404363051277949,-0.404363051277949,-0.404363051277949,-0.404363051277949,-0.404363051277949,-0.404363051277949,-0.404363051277949,-0.547221958691905,-0.547221958691905,-0.547221958691905,-0.547221958691905,-0.547221958691905,-0.547221958691905,-0.547221958691905
73,0,0,0,0,0,1,1,0.0544355509446557,0.268492265802806,1.62136923956682,-0.041920261712433,1.00225696041464,2.07989242047745,"HU",1.88291663308663,2.33100361903478,1.29723071446591,0.88361418623202,1.18125294285058,1.27977532099742,1.49703704201139,-1.64254509011206,-1.64254509011206,-1.64254509011206,-1.64254509011206,-1.64254509011206,-1.64254509011206,-1.64254509011206,-0.134775734633318,-0.134775734633318,-0.134775734633318,-0.134775734633318,-0.134775734633318,-0.134775734633318,-0.134775734633318
74,0,0,0,0,0,0,0,0.75578634499969,0.510325725071998,0.75928954221341,-1.37288857108218,0.757474972005681,0.0755085976850575,"BS",-1.93671728270909,-1.64113404127244,-1.74405190681196,-1.483592614734,-1.55134995235972,-0.0505059295138438,-1.85466134452598,0.772924788924974,0.772924788924974,0.772924788924974,0.772924788924974,0.772924788924974,0.772924788924974,0.772924788924974,0.0714473773959757,0.0714473773959757,0.0714473773959757,0.0714473773959757,0.0714473773959757,0.0714473773959757,0.0714473773959757
75,0,0,0,1,1,0,0,0.455207433261818,-0.457008112004771,0.636135299734352,-1.66865930649768,1.2470389488236,-0.90818988741355,"BS",0.280911117148117,0.563342358118608,1.1776364312855,0.0975228711942476,0.468450570610615,0.644896432638285,0.446362796018824,-0.262276587805182,-0.262276587805182,-0.262276587805182,-0.262276587805182,-0.262276587805182,-0.262276587805182,-0.262276587805182,-0.547221958691905,-0.547221958691905,-0.547221958691905,-0.547221958691905,-0.547221958691905,-0.547221958691905,-0.547221958691905
76,0,0,1,1,0,1,1,1.05636525673756,-0.215174652735579,-0.841715610014355,-1.29894588722831,-0.71121695844808,0.102558599554642,"UU",-1.34419469462225,-1.24872044159858,-1.19750603267747,-1.34959977694347,-1.54321028416122,-1.05470152530368,-0.618573996299432,0.0827905377715362,0.0827905377715362,0.0827905377715362,0.0827905377715362,0.0827905377715362,0.0827905377715362,0.0827905377715362,0.0714473773959757,0.0714473773959757,0.0714473773959757,0.0714473773959757,0.0714473773959757,0.0714473773959757,0.0714473773959757
77,1,0,0,0,0,0,1,0.6555933744204,-1.90800886761992,0.389826814776234,-1.96443004191319,1.00225696041464,-0.460143125803459,"HU",-1.60984809668847,-2.09714984517478,-2.27385458130118,-1.59971974081912,-1.88391353875552,-2.03542883533706,-1.91884280299159,-0.414512084383146,-0.414512084383146,-0.414512084383146,-0.414512084383146,-0.414512084383146,-0.414512084383146,-0.414512084383146,-0.547221958691905,-0.547221958691905,-0.547221958691905,-0.547221958691905,-0.547221958691905,-0.547221958691905,-0.547221958691905
78,0,0,1,0,0,0,0,-1.94942386064116,-0.215174652735579,0.75928954221341,0.993277312241818,-0.221652981630159,0.379259723389249,"BS",0.477263631718807,-0.173483177660435,2.05545846982972,1.39278696983603,0.820781922631347,0.299048010964047,0.71616263067981,0.62068929234701,0.62068929234701,0.62068929234701,0.62068929234701,0.62068929234701,0.62068929234701,0.62068929234701,4.19590961798185,4.19590961798185,4.19590961798185,4.19590961798185,4.19590961798185,4.19590961798185,4.19590961798185
79,1,0,0,0,0,0,0,-0.546722272531088,2.68682685849473,1.49821499708776,2.98972977629644,-0.95599894685704,-0.257458500129759,"HB",-0.57726487300496,-0.149482345876102,-0.173778968653151,0.0383427011700974,0.197515900574871,0.261992822927521,0.189636962156387,-0.546449514750715,-0.546449514750715,-0.546449514750715,-0.546449514750715,-0.546449514750715,-0.546449514750715,-0.546449514750715,-0.547221958691905,-0.547221958691905,-0.547221958691905,-0.547221958691905,-0.547221958691905,-0.547221958691905,-0.547221958691905
80,0,1,1,0,0,0,0,-0.84730118426896,-0.940675030543155,1.00559802717153,-0.337690997127933,0.0231290067788011,-0.760667015597175,"BS",0.607780303168737,0.902954127866929,0.00202462762205418,0.55198191270046,0.657988558661372,0.7400047485987,1.29498430239743,0.40755959713786,0.40755959713786,0.40755959713786,0.40755959713786,0.40755959713786,0.40755959713786,0.40755959713786,4.19590961798185,4.19590961798185,4.19590961798185,4.19590961798185,4.19590961798185,4.19590961798185,4.19590961798185
81,0,0,0,0,0,0,0,0.0544355509446557,1.23582610287957,1.25190651212965,0.845391944534068,-0.95599894685704,-0.563969853175343,"BS",-0.423647905723185,-1.0771144943406,-1.09824277763773,-1.16759283894467,-0.00830142387288338,1.07350144092743,-0.401070164832645,-1.28732893143014,-1.28732893143014,-1.28732893143014,-1.28732893143014,-1.28732893143014,-1.28732893143014,-1.28732893143014,-0.547221958691905,-0.547221958691905,-0.547221958691905,-0.547221958691905,-0.547221958691905,-0.547221958691905,-0.547221958691905
82,1,0,0,1,1,0,1,-1.94942386064116,-0.940675030543155,1.25190651212965,0.401735841410817,-0.71121695844808,-0.716078839570526,"HU",0.58930006650326,1.48737438181545,0.360807477163289,-0.00967139903817557,0.77892077189621,0.279285244011233,0.981208283232234,0.326367332296279,0.326367332296279,0.326367332296279,0.326367332296279,0.326367332296279,0.326367332296279,0.326367332296279,4.40213273001114,4.40213273001114,4.40213273001114,4.40213273001114,4.40213273001114,4.40213273001114,4.40213273001114
83,0,0,0,0,1,0,0,-2.04961683122045,1.23582610287957,1.62136923956682,-1.07711783566668,-2.17990888890184,-1.38439087101611,"BS",-0.369362210518347,-0.317488168366437,-0.990607922775362,-0.806928783891825,-0.702498840230563,-1.33138026264308,-1.76789752104469,1.12814094760689,1.12814094760689,1.12814094760689,1.12814094760689,1.12814094760689,1.12814094760689,1.12814094760689,0.277670489425269,0.277670489425269,0.277670489425269,0.277670489425269,0.277670489425269,0.277670489425269,0.277670489425269
84,1,0,0,0,0,1,0,0.75578634499969,0.268492265802806,-0.472252882577178,0.105965105995317,1.00225696041464,1.53116138887941,"BS",-0.939939517564942,0.606543855330408,-0.209657253607275,-0.494278829047257,0.0928630237370298,-0.371650892497065,0.779155543618279,1.22963127865887,1.22963127865887,1.22963127865887,1.22963127865887,1.22963127865887,1.22963127865887,1.22963127865887,0.690116713483857,0.690116713483857,0.690116713483857,0.690116713483857,0.690116713483857,0.690116713483857,0.690116713483857
85,0,0,1,1,1,0,0,1.05636525673756,-1.42434194908154,-0.472252882577178,-1.74260199035156,0.0231290067788011,-0.332323913936468,"BU",-0.646565760500498,0.690546766575576,0.572489358392618,-0.952087691498232,-1.40018468581617,-0.745908291665972,0.541446438190097,-0.00855076017524213,-0.00855076017524213,-0.00855076017524213,-0.00855076017524213,-0.00855076017524213,-0.00855076017524213,-0.00855076017524213,1.10256293754244,1.10256293754244,1.10256293754244,1.10256293754244,1.10256293754244,1.10256293754244,1.10256293754244
86,0,0,0,0,0,1,0,0.956172286158272,1.23582610287957,0.266672572297175,-0.263748313274058,-1.44556292367496,-0.571358665100271,"UU",0.792582669823504,2.11139600820813,0.516280045297824,1.71325317355171,2.18126932152328,-0.973180111623329,0.600873714547142,1.10784288139649,1.10784288139649,1.10784288139649,1.10784288139649,1.10784288139649,1.10784288139649,1.10784288139649,-0.547221958691905,-0.547221958691905,-0.547221958691905,-0.547221958691905,-0.547221958691905,-0.547221958691905,-0.547221958691905
87,0,0,0,0,0,1,0,-1.94942386064116,-0.215174652735579,1.62136923956682,0.475678525264692,-1.69034491208392,1.24656197454607,"UU",0.60431525879396,0.266932085582087,1.16208917447205,1.6685888942882,1.11148435829202,0.805468914129895,1.20346629680758,1.83857326497072,1.83857326497072,1.83857326497072,1.83857326497072,1.83857326497072,1.83857326497072,1.83857326497072,1.10256293754244,1.10256293754244,1.10256293754244,1.10256293754244,1.10256293754244,1.10256293754244,1.10256293754244
88,1,0,0,0,1,1,0,-1.24807306658612,0.268492265802806,-0.102790155140002,1.65876146692669,-1.44556292367496,1.4898855502556,"BU",0.550029563589122,1.0229582867886,0.986285578196842,-2.73084261316751,1.18939261104908,0.773354417831573,0.32394260672331,2.82302947617489,2.82302947617489,2.82302947617489,2.82302947617489,2.82302947617489,2.82302947617489,2.82302947617489,1.10256293754244,1.10256293754244,1.10256293754244,1.10256293754244,1.10256293754244,1.10256293754244,1.10256293754244
89,0,0,0,1,0,1,0,1.05636525673756,-1.42434194908154,-1.33433257993059,-2.18625809347481,0.757474972005681,-1.19584681912137,"HB",-1.72881462022248,-2.60476743741343,0.241213193982877,-0.0286537177251674,3.69757322592933,-1.16586708941326,-2.47270501863925,0.0929395708767339,0.0929395708767339,0.0929395708767339,0.0929395708767339,0.0929395708767339,0.0929395708767339,0.0929395708767339,2.33990160971821,2.33990160971821,2.33990160971821,2.33990160971821,2.33990160971821,2.33990160971821,2.33990160971821
90,1,0,0,0,0,0,0,0.0544355509446557,0.268492265802806,0.0203640873390574,0.105965105995317,1.49182093723256,2.04532587370295,"HB",-0.385532417600639,-0.156682595411402,0.193375480710713,0.630144401411602,-0.0466741453800916,-0.30618672696587,-0.0528263253803585,2.21408748986303,2.21408748986303,2.21408748986303,2.21408748986303,2.21408748986303,2.21408748986303,2.21408748986303,0.690116713483857,0.690116713483857,0.690116713483857,0.690116713483857,0.690116713483857,0.690116713483857,0.690116713483857
91,0,0,0,1,1,0,0,1.05636525673756,-0.457008112004771,0.266672572297175,-1.29894588722831,0.0231290067788011,1.11322230799629,"BU",-1.82121580354986,-1.70953641185779,-1.48453231231046,-1.81522488826556,-0.314120386187908,-1.68958041366282,-1.0939922071558,-0.932112772748224,-0.932112772748224,-0.932112772748224,-0.932112772748224,-0.932112772748224,-0.932112772748224,-0.932112772748224,-0.547221958691905,-0.547221958691905,-0.547221958691905,-0.547221958691905,-0.547221958691905,-0.547221958691905,-0.547221958691905
92,0,1,0,1,0,0,1,-0.546722272531088,-0.215174652735579,0.0203640873390574,-0.855289784105059,1.00225696041464,0.314798007394311,"BU",2.20170071556611,0.086925847199585,0.7997184964354,0.272830167303524,-0.461797223503528,0.242230055974708,-0.464063077771114,1.41231387455242,1.41231387455242,1.41231387455242,1.41231387455242,1.41231387455242,1.41231387455242,1.41231387455242,0.89633982551315,0.89633982551315,0.89633982551315,0.89633982551315,0.89633982551315,0.89633982551315,0.89633982551315
93,0,0,0,0,1,0,0,0.154628521523946,0.510325725071998,0.266672572297175,-1.00317515181281,0.267910995187762,0.480962950524819,"BU",-0.816352934864566,-0.588697567529408,-0.811216498004745,-1.20444086933706,-2.33043247993031,-0.992942878576142,-0.499719443585341,-1.06405020311579,-1.06405020311579,-1.06405020311579,-1.06405020311579,-1.06405020311579,-1.06405020311579,-1.06405020311579,-0.547221958691905,-0.547221958691905,-0.547221958691905,-0.547221958691905,-0.547221958691905,-0.547221958691905,-0.547221958691905
94,0,0,0,0,0,0,0,1.05636525673756,-1.18250848981235,-0.964869852493413,-1.37288857108218,0.757474972005681,-1.14692734854427,"BU",0.789117625448727,0.470939155748923,-0.102022398744904,0.00819431266722836,0.320773733294995,-0.832370397084532,0.240744419823446,0.569944126821022,0.569944126821022,0.569944126821022,0.569944126821022,0.569944126821022,0.569944126821022,0.569944126821022,0.89633982551315,0.89633982551315,0.89633982551315,0.89633982551315,0.89633982551315,0.89633982551315,0.89633982551315
95,1,1,0,0,0,1,0,0.75578634499969,0.268492265802806,-0.595407125056237,-1.15106051952056,0.0231290067788011,0.564491437881152,"BU",0.454163335886961,0.738548430144244,0.360807477163289,0.250498027671769,0.480078668037042,0.509027409837691,0.656735354322765,-0.73928114374947,-0.73928114374947,-0.73928114374947,-0.73928114374947,-0.73928114374947,-0.73928114374947,-0.73928114374947,-0.547221958691905,-0.547221958691905,-0.547221958691905,-0.547221958691905,-0.547221958691905,-0.547221958691905,-0.547221958691905
96,0,1,0,0,0,1,0,0.75578634499969,-0.940675030543155,-0.595407125056237,-0.559519048689559,0.0231290067788011,-0.40829354786606,"BU",1.20145790604718,1.1309620298181,0.608367643346741,0.265013918432409,1.35218597501905,1.17602079449515,0.565217348732915,1.44276097386802,1.44276097386802,1.44276097386802,1.44276097386802,1.44276097386802,1.44276097386802,1.44276097386802,1.30878604957174,1.30878604957174,1.30878604957174,1.30878604957174,1.30878604957174,1.30878604957174,1.30878604957174
97,0,0,1,1,0,1,1,0.956172286158272,2.68682685849473,0.389826814776234,-0.115862945566308,1.00225696041464,1.6098912501504,"BU",0.465713483802884,1.09856090690925,0.830813010062307,0.55198191270046,0.95683066252054,1.1019104184221,0.00303531439526415,-0.698685011328679,-0.698685011328679,-0.698685011328679,-0.698685011328679,-0.698685011328679,-0.698685011328679,-0.698685011328679,-0.547221958691905,-0.547221958691905,-0.547221958691905,-0.547221958691905,-0.547221958691905,-0.547221958691905,-0.547221958691905
98,0,0,1,0,0,0,0,0.6555933744204,-0.215174652735579,-0.225944397619061,-0.115862945566308,0.267910995187762,0.689592892411476,"UU",-0.446748201555031,-1.42152643044579,0.196963309206125,-0.0588021062280365,0.499846433661968,0.311399740309555,-1.34358676785539,1.35141967592124,1.35141967592124,1.35141967592124,1.35141967592124,1.35141967592124,1.35141967592124,1.35141967592124,4.40213273001114,4.40213273001114,4.40213273001114,4.40213273001114,4.40213273001114,4.40213273001114,4.40213273001114
99,0,0,0,0,0,0,1,0.75578634499969,1.47765956214877,0.75928954221341,-0.411633680981808,-0.221652981630159,0.605257636448251,"BU",1.62419331976996,1.33136897521728,1.4969531673772,2.42006539289676,1.677772702959,1.5391616372531,1.7181065100596,1.45291000697321,1.45291000697321,1.45291000697321,1.45291000697321,1.45291000697321,1.45291000697321,1.45291000697321,0.277670489425269,0.277670489425269,0.277670489425269,0.277670489425269,0.277670489425269,0.277670489425269,0.277670489425269
100,0,0,0,0,0,0,0,0.0544355509446557,0.510325725071998,0.266672572297175,0.549621209118568,0.512692983596721,1.43587032504297,"HU",0.111123942784049,0.530941235209757,0.647833756796277,0.198017499537145,0.0533274924871787,0.233583845432852,0.0505771354809008,0.590242193031416,0.590242193031416,0.590242193031416,0.590242193031416,0.590242193031416,0.590242193031416,0.590242193031416,1.30878604957174,1.30878604957174,1.30878604957174,1.30878604957174,1.30878604957174,1.30878604957174,1.30878604957174
101,1,0,0,0,1,1,0,0.75578634499969,1.47765956214877,0.389826814776234,-0.189805629420183,-0.221652981630159,1.05368662810088,"HU",1.47404139686296,1.55937687716845,-0.356758221919181,1.26661038091662,1.47660661748182,0.316340432047759,-0.0124157774575676,-0.505853382329925,-0.505853382329925,-0.505853382329925,-0.505853382329925,-0.505853382329925,-0.505853382329925,-0.505853382329925,-0.547221958691905,-0.547221958691905,-0.547221958691905,-0.547221958691905,-0.547221958691905,-0.547221958691905,-0.547221958691905
102,0,0,0,0,0,0,0,-1.84923089006187,-1.18250848981235,-1.33433257993059,-0.633461732543434,0.267910995187762,-1.40579316967163,"HU",1.26267369000157,-1.42152643044579,0.213706508851383,0.231515708984777,0.337053069691992,-0.239487388500124,1.20703193338901,-0.749430176854667,-0.749430176854667,-0.749430176854667,-0.749430176854667,-0.749430176854667,-0.749430176854667,-0.749430176854667,-0.547221958691905,-0.547221958691905,-0.547221958691905,-0.547221958691905,-0.547221958691905,-0.547221958691905,-0.547221958691905
103,0,0,0,0,0,0,0,0.0544355509446557,-0.215174652735579,-1.21117833745153,-0.633461732543434,-1.200780935266,-1.46388503088926,"UU",1.51677694415188,1.11896161392593,0.639462156973648,0.901479897937424,0.913806702042761,0.995685546050726,1.3258864861031,2.06185199328507,2.06185199328507,2.06185199328507,2.06185199328507,2.06185199328507,2.06185199328507,2.06185199328507,0.89633982551315,0.89633982551315,0.89633982551315,0.89633982551315,0.89633982551315,0.89633982551315,0.89633982551315
104,0,0,0,1,0,0,0,-1.24807306658612,-1.18250848981235,-1.33433257993059,-0.485576364835683,1.98138491405048,-0.337207480031268,"UU",0.223160377568502,1.11536148915828,1.72059447692457,-0.471946689415502,1.25102152740914,1.07720695973108,0.347713517266128,-1.15539150106257,-1.15539150106257,-1.15539150106257,-1.15539150106257,-1.15539150106257,-1.15539150106257,-1.15539150106257,-0.547221958691905,-0.547221958691905,-0.547221958691905,-0.547221958691905,-0.547221958691905,-0.547221958691905,-0.547221958691905
105,0,0,0,1,1,1,0,-0.646915243110379,-0.940675030543155,-0.964869852493413,-0.041920261712433,-1.44556292367496,-1.60631214807011,"UU",1.13215701855164,0.858552589065912,0.898981751475141,0.98745863551968,1.13474055314487,2.00852735238242,0.672186446175597,1.65589066907717,1.65589066907717,1.65589066907717,1.65589066907717,1.65589066907717,1.65589066907717,1.65589066907717,-0.134775734633318,-0.134775734633318,-0.134775734633318,-0.134775734633318,-0.134775734633318,-0.134775734633318,-0.134775734633318
106,0,1,1,0,0,0,0,0.956172286158272,-0.457008112004771,-0.102790155140002,-0.189805629420183,0.267910995187762,-0.803471612908229,"UU",2.10236944348917,1.86658752400793,1.50532476719983,2.07391722860456,2.46034365975752,2.05793426976446,2.08298998689186,0.00159827292995562,0.00159827292995562,0.00159827292995562,0.00159827292995562,0.00159827292995562,0.00159827292995562,0.00159827292995562,-0.547221958691905,-0.547221958691905,-0.547221958691905,-0.547221958691905,-0.547221958691905,-0.547221958691905,-0.547221958691905
107,1,1,1,1,1,0,0,0.956172286158272,0.268492265802806,-0.102790155140002,1.14116267994957,-2.4246908773108,-0.947427488776317,"UU",1.78589539059288,0.93535525077578,0.208922737524166,0.856815618673915,1.23939342998271,0.949984147472345,1.0644064701321,1.44276097386802,1.44276097386802,1.44276097386802,1.44276097386802,1.44276097386802,1.44276097386802,1.44276097386802,-0.340998846662612,-0.340998846662612,-0.340998846662612,-0.340998846662612,-0.340998846662612,-0.340998846662612,-0.340998846662612
108,1,0,0,0,0,0,0,0.956172286158272,-0.940675030543155,-0.225944397619061,-0.485576364835683,0.757474972005681,-0.723722633006719,"UU",0.550029563589122,0.522540944085241,0.393097933622,1.31127466018013,0.0347225366048959,1.44405332129268,1.21891738866042,-0.850920507906643,-0.850920507906643,-0.850920507906643,-0.850920507906643,-0.850920507906643,-0.850920507906643,-0.850920507906643,-0.547221958691905,-0.547221958691905,-0.547221958691905,-0.547221958691905,-0.547221958691905,-0.547221958691905,-0.547221958691905
109,0,0,0,0,0,1,0,-0.246143360793216,-0.215174652735579,0.266672572297175,2.02847488619607,0.0231290067788011,0.533152288500028,"UU",0.0730084546615031,-0.161482761768268,-0.0972386274176877,0.0383427011700974,-0.430401360452176,0.530025349725056,0.549766256880083,-0.850920507906643,-0.850920507906643,-0.850920507906643,-0.850920507906643,-0.850920507906643,-0.850920507906643,-0.850920507906643,-0.547221958691905,-0.547221958691905,-0.547221958691905,-0.547221958691905,-0.547221958691905,-0.547221958691905,-0.547221958691905
110,0,0,0,0,0,0,0,0.956172286158272,0.993992643610382,-0.102790155140002,0.549621209118568,-1.44556292367496,-0.879143956804737,"HB",-2.23355608414831,-1.80913986376277,-1.78351802026149,-2.15020698274188,-2.19787216926905,-2.39362898635681,-2.12089554260554,-0.637790812697494,-0.637790812697494,-0.637790812697494,-0.637790812697494,-0.637790812697494,-0.637790812697494,-0.637790812697494,-0.547221958691905,-0.547221958691905,-0.547221958691905,-0.547221958691905,-0.547221958691905,-0.547221958691905,-0.547221958691905
111,0,0,0,1,0,0,0,-0.646915243110379,-0.215174652735579,0.0203640873390574,0.919334628387943,1.2470389488236,-0.664101851618948,"HB",-1.3511247833718,-1.2931219803996,-1.6998020220352,-0.944271442627118,-0.880408730854893,-1.43019409740714,-1.75244642919186,-0.678386945118284,-0.678386945118284,-0.678386945118284,-0.678386945118284,-0.678386945118284,-0.678386945118284,-0.678386945118284,-0.547221958691905,-0.547221958691905,-0.547221958691905,-0.547221958691905,-0.547221958691905,-0.547221958691905,-0.547221958691905
112,0,0,0,0,0,0,1,-0.947494154848251,0.510325725071998,-1.33433257993059,0.771449260680193,-0.221652981630159,-0.465111631907712,"HU",0.0383580109137341,-0.381090372594922,0.0139840559400951,-0.411649912409764,-0.546682334716444,-0.535928892792328,-0.357093980328431,0.285771199875488,0.285771199875488,0.285771199875488,0.285771199875488,0.285771199875488,0.285771199875488,0.285771199875488,-0.340998846662612,-0.340998846662612,-0.340998846662612,-0.340998846662612,-0.340998846662612,-0.340998846662612,-0.340998846662612
113,1,0,0,0,0,0,1,0.956172286158272,-1.18250848981235,0.0203640873390574,-0.263748313274058,-0.46643497003912,-0.466130750538235,"HU",-0.285046130732109,-0.0570791435064173,1.04249489129163,-0.0588021062280365,0.716129045793506,0.171825198705309,-0.0243012327289764,-0.576896614066308,-0.576896614066308,-0.576896614066308,-0.576896614066308,-0.576896614066308,-0.576896614066308,-0.576896614066308,-0.547221958691905,-0.547221958691905,-0.547221958691905,-0.547221958691905,-0.547221958691905,-0.547221958691905,-0.547221958691905
114,0,1,0,0,0,0,1,1.05636525673756,-0.940675030543155,-1.33433257993059,-1.29894588722831,-1.44556292367496,-1.60886002538787,"HB",-1.5012767062788,-1.24872044159858,-1.67588316539912,-1.77391042994681,-0.993201275891233,-0.90277525435393,-1.46719550267804,-0.394214018172751,-0.394214018172751,-0.394214018172751,-0.394214018172751,-0.394214018172751,-0.394214018172751,-0.394214018172751,-0.547221958691905,-0.547221958691905,-0.547221958691905,-0.547221958691905,-0.547221958691905,-0.547221958691905,-0.547221958691905
115,0,0,0,0,0,0,0,1.05636525673756,-0.940675030543155,-0.102790155140002,0.475678525264692,1.49182093723256,0.180269342195105,"HU",1.05130598314018,0.491339862765607,1.42160876897354,1.20743021089247,1.75916938494399,1.80225347231243,1.31043539425027,-1.023454070695,-1.023454070695,-1.023454070695,-1.023454070695,-1.023454070695,-1.023454070695,-1.023454070695,-0.547221958691905,-0.547221958691905,-0.547221958691905,-0.547221958691905,-0.547221958691905,-0.547221958691905,-0.547221958691905
116,0,0,0,0,0,0,0,1.05636525673756,0.268492265802806,-1.33433257993059,0.032022422141442,-1.44556292367496,-0.467149869168758,"HU",0.711731634412044,-0.228685090764403,-0.0816913706042343,-0.456314191673273,-0.124582398137151,-0.346947433806048,0.279966422219096,0.48875186197944,0.48875186197944,0.48875186197944,0.48875186197944,0.48875186197944,0.48875186197944,0.48875186197944,-0.547221958691905,-0.547221958691905,-0.547221958691905,-0.547221958691905,-0.547221958691905,-0.547221958691905,-0.547221958691905
117,1,1,0,1,0,0,1,-1.84923089006187,-0.457008112004771,1.86767772452494,-0.115862945566308,-0.46643497003912,-0.257203680101401,"HU",-0.715866647996036,-0.197484009444769,-1.06236449268361,-0.58695720851904,0.00332667355354358,-0.622390998210887,-0.939481288627477,-0.729132110644272,-0.729132110644272,-0.729132110644272,-0.729132110644272,-0.729132110644272,-0.729132110644272,-0.729132110644272,-0.547221958691905,-0.547221958691905,-0.547221958691905,-0.547221958691905,-0.547221958691905,-0.547221958691905,-0.547221958691905
118,1,0,1,0,0,0,0,0.956172286158272,-0.940675030543155,-0.102790155140002,0.253850473703067,-0.221652981630159,-1.08399439123657,"HB",-1.92863217916795,-0.221484841229103,-1.19033037568665,-0.985585900945865,-0.558310432142871,-1.43760513501445,-1.04288474948874,-1.29747796453534,-1.29747796453534,-1.29747796453534,-1.29747796453534,-1.29747796453534,-1.29747796453534,-1.29747796453534,-0.547221958691905,-0.547221958691905,-0.547221958691905,-0.547221958691905,-0.547221958691905,-0.547221958691905,-0.547221958691905
119,0,0,0,0,0,0,0,-0.546722272531088,2.68682685849473,1.62136923956682,1.58481878307282,-1.200780935266,1.11432636663627,"BS",-0.616535375919098,-1.07351436957295,-1.48453231231046,-1.24575532765581,-1.2757640433534,0.122418281323275,-0.345208525057023,-0.769728243065063,-0.769728243065063,-0.769728243065063,-0.769728243065063,-0.769728243065063,-0.769728243065063,-0.769728243065063,0.0714473773959757,0.0714473773959757,0.0714473773959757,0.0714473773959757,0.0714473773959757,0.0714473773959757,0.0714473773959757
120,1,0,0,0,0,0,1,-1.64884494890329,-0.940675030543155,0.0203640873390574,0.327793157556942,1.2470389488236,0.833209008241755,"HB",-0.0193927286658808,1.46697367479877,0.552158330251947,0.454837105302326,0.0614671606856775,0.221232116087343,1.42097012827437,-0.455108216803937,-0.455108216803937,-0.455108216803937,-0.455108216803937,-0.455108216803937,-0.455108216803937,-0.455108216803937,-0.547221958691905,-0.547221958691905,-0.547221958691905,-0.547221958691905,-0.547221958691905,-0.547221958691905,-0.547221958691905
121,0,0,0,0,0,0,0,-1.64884494890329,0.268492265802806,-0.472252882577178,-0.189805629420183,-0.46643497003912,-0.117324440238313,"BS",-1.94018232708387,-1.48152850990662,-1.46061345567438,-1.8933873769767,-2.15135977956334,-1.52900793217121,-0.421275438794041,-0.333319819541566,-0.333319819541566,-0.333319819541566,-0.333319819541566,-0.333319819541566,-0.333319819541566,-0.333319819541566,-0.340998846662612,-0.340998846662612,-0.340998846662612,-0.340998846662612,-0.340998846662612,-0.340998846662612,-0.340998846662612
122,0,0,0,0,0,0,1,-1.54865197832399,-0.940675030543155,-1.33433257993059,-0.337690997127933,1.2470389488236,-0.336188199917837,"HB",0.030272907372588,-0.828705885372744,-0.94635803799861,-1.00791804057762,-0.950177315413453,-0.779257960898845,-1.73224115523046,-1.13509343485218,-1.13509343485218,-1.13509343485218,-1.13509343485218,-1.13509343485218,-1.13509343485218,-1.13509343485218,-0.547221958691905,-0.547221958691905,-0.547221958691905,-0.547221958691905,-0.547221958691905,-0.547221958691905,-0.547221958691905
123,0,0,0,1,0,0,0,0.455207433261818,0.268492265802806,-0.964869852493413,0.475678525264692,-0.221652981630159,-0.495431501175405,"BU",0.226625421943279,0.362935412719422,1.0903326045638,1.14713343388673,0.564963779249957,0.612781936339963,0.684071901447006,0.559795093715824,0.559795093715824,0.559795093715824,0.559795093715824,0.559795093715824,0.559795093715824,0.559795093715824,-0.340998846662612,-0.340998846662612,-0.340998846662612,-0.340998846662612,-0.340998846662612,-0.340998846662612,-0.340998846662612
124,0,0,0,0,0,0,0,-0.84730118426896,-0.457008112004771,-0.841715610014355,0.549621209118568,0.757474972005681,0.60118100044325,"HU",0.127294149866341,0.758949137160927,0.452895075212206,-0.363635812201491,0.604499310499808,0.60784124460176,1.60757177603549,-1.59179992458607,-1.59179992458607,-1.59179992458607,-1.59179992458607,-1.59179992458607,-1.59179992458607,-1.59179992458607,-0.547221958691905,-0.547221958691905,-0.547221958691905,-0.547221958691905,-0.547221958691905,-0.547221958691905,-0.547221958691905
125,0,0,1,0,0,0,0,-0.246143360793216,-0.215174652735579,-0.841715610014355,0.697506576826318,-0.221652981630159,-1.01290832340178,"BS",0.71981673795319,-0.341489000150771,0.859515638025605,1.5234299866818,-0.128070827365079,-0.128321824390547,-0.82538091802195,0.336516365401476,0.336516365401476,0.336516365401476,0.336516365401476,0.336516365401476,0.336516365401476,0.336516365401476,-0.134775734633318,-0.134775734633318,-0.134775734633318,-0.134775734633318,-0.134775734633318,-0.134775734633318,-0.134775734633318
126,0,0,0,0,0,0,0,0.75578634499969,0.268492265802806,0.636135299734352,-0.337690997127933,0.512692983596721,0.234029908862279,"BS",-0.874103674444181,-0.0210778958299167,-0.903304096053662,-0.891790914492494,0.395193556824126,0.63748539503098,0.760138815184024,-1.29747796453534,-1.29747796453534,-1.29747796453534,-1.29747796453534,-1.29747796453534,-1.29747796453534,-1.29747796453534,-0.547221958691905,-0.547221958691905,-0.547221958691905,-0.547221958691905,-0.547221958691905,-0.547221958691905,-0.547221958691905
127,0,0,0,0,0,0,1,0.154628521523946,0.993992643610382,1.12875226965059,-0.707404416397309,0.0231290067788011,0.632010509767659,"BS",-0.966504857771564,-0.665500229239275,-0.819588097827374,-0.762264504628316,0.488218336235541,-0.396354351188082,-1.00722838367451,1.01650158344972,1.01650158344972,1.01650158344972,1.01650158344972,1.01650158344972,1.01650158344972,1.01650158344972,-0.340998846662612,-0.340998846662612,-0.340998846662612,-0.340998846662612,-0.340998846662612,-0.340998846662612,-0.340998846662612
