"Owner","TreeFarm","StandNo","V1","V2","V3","Year","DW","AirTemp","JulianDate"
"WY","CL","10024 _ 1 _ 2023",0,0,0,2023,6,13.8333333333333,142
"WY","CL","10024 _ 1 _ 2023",0,0,0,2023,0,13.8333333333333,142
"WY","CL","10024 _ 1 _ 2023",0,0,0,2023,7,13.8333333333333,142
"WY","CL","10024 _ 1 _ 2023",0,0,0,2023,5,13.8333333333333,142
"WY","CL","10024 _ 1 _ 2023",0,0,0,2023,12,13.8333333333333,142
"WY","CL","10024 _ 1 _ 2023",0,0,0,2023,8,13.8333333333333,142
"WY","CL","10024 _ 1 _ 2023",0,0,0,2023,12,13.8333333333333,142
"WY","CL","10024 _ 1 _ 2024",0,0,0,2024,1,12.1111111111111,86
"WY","CL","10024 _ 1 _ 2024",0,0,0,2024,0,12.1111111111111,86
"WY","CL","10024 _ 1 _ 2024",0,0,0,2024,3,12.1111111111111,86
"WY","CL","10024 _ 1 _ 2024",0,0,0,2024,9,12.1111111111111,86
"WY","CL","10024 _ 1 _ 2024",0,0,0,2024,5,12.1111111111111,86
"WY","CL","10024 _ 1 _ 2024",0,0,0,2024,6,12.1111111111111,86
"WY","CL","10024 _ 1 _ 2024",0,0,0,2024,1,12.1111111111111,86
"WY","CL","10078 _ 1 _ 2023",0,0,0,2023,1,3,74
"WY","CL","10078 _ 1 _ 2023",0,0,0,2023,5,3,74
"WY","CL","10078 _ 1 _ 2023",0,0,0,2023,4,3,74
"WY","CL","10078 _ 1 _ 2023",0,0,0,2023,3,3,74
"WY","CL","10078 _ 1 _ 2023",0,0,0,2023,7,3,74
"WY","CL","10078 _ 1 _ 2023",0,0,0,2023,1,3,74
"WY","CL","10078 _ 1 _ 2023",0,0,0,2023,2,3,74
"WY","CL","10078 _ 1 _ 2024",0,0,0,2024,6,6.33333333333333,94
"WY","CL","10078 _ 1 _ 2024",0,0,0,2024,4,6.33333333333333,94
"WY","CL","10078 _ 1 _ 2024",0,0,0,2024,4,6.33333333333333,94
"WY","CL","10078 _ 1 _ 2024",0,0,0,2024,0,6.33333333333333,94
"WY","CL","10078 _ 1 _ 2024",0,0,0,2024,1,6.33333333333333,94
"WY","CL","10078 _ 1 _ 2024",0,0,0,2024,1,6.33333333333333,94
"WY","CL","10078 _ 1 _ 2024",0,0,0,2024,0,6.33333333333333,94
"WY","CL","10153 _ 1 _ 2023",0,0,0,2023,3,7.66666666666667,124
"WY","CL","10153 _ 1 _ 2023",0,0,0,2023,3,7.66666666666667,124
"WY","CL","10153 _ 1 _ 2023",0,0,0,2023,4,7.66666666666667,124
"WY","CL","10153 _ 1 _ 2023",1,0,0,2023,2,7.66666666666667,124
"WY","CL","10153 _ 1 _ 2023",0,0,0,2023,6,7.66666666666667,124
"WY","CL","10153 _ 1 _ 2023",0,0,0,2023,4,7.66666666666667,124
"WY","CL","10153 _ 1 _ 2023",0,0,0,2023,2,7.66666666666667,124
"WY","CL","10153 _ 1 _ 2024",0,0,0,2024,2,8.22222222222222,129
"WY","CL","10153 _ 1 _ 2024",0,0,0,2024,3,8.22222222222222,129
"WY","CL","10153 _ 1 _ 2024",0,0,0,2024,4,8.22222222222222,129
"WY","CL","10153 _ 1 _ 2024",0,0,0,2024,6,8.22222222222222,129
"WY","CL","10153 _ 1 _ 2024",0,0,0,2024,3,8.22222222222222,129
"WY","CL","10153 _ 1 _ 2024",0,0,0,2024,2,8.22222222222222,129
"WY","CL","10153 _ 1 _ 2024",0,0,0,2024,1,8.22222222222222,129
"WY","CL","10185 _ 1 _ 2023",0,0,0,2023,2,7.38888888888889,100
"WY","CL","10185 _ 1 _ 2023",0,0,0,2023,4,7.38888888888889,100
"WY","CL","10185 _ 1 _ 2023",0,0,0,2023,2,7.38888888888889,100
"WY","CL","10185 _ 1 _ 2023",1,0,0,2023,6,7.38888888888889,100
"WY","CL","10185 _ 1 _ 2023",0,0,0,2023,5,7.38888888888889,100
"WY","CL","10185 _ 1 _ 2023",0,0,0,2023,0,7.38888888888889,100
"WY","CL","10185 _ 1 _ 2023",0,0,0,2023,2,7.38888888888889,100
"WY","CL","10185 _ 1 _ 2024",0,0,0,2024,0,13.8333333333333,142
"WY","CL","10185 _ 1 _ 2024",0,0,0,2024,4,13.8333333333333,142
"WY","CL","10185 _ 1 _ 2024",0,0,0,2024,7,13.8333333333333,142
"WY","CL","10185 _ 1 _ 2024",0,0,0,2024,7,13.8333333333333,142
"WY","CL","10185 _ 1 _ 2024",0,0,0,2024,1,13.8333333333333,142
"WY","CL","10185 _ 1 _ 2024",0,0,0,2024,1,13.8333333333333,142
"WY","CL","10185 _ 1 _ 2024",0,0,0,2024,1,13.8333333333333,142
"WY","CL","10258 _ 1 _ 2023",0,0,0,2023,0,6.66666666666667,79
"WY","CL","10258 _ 1 _ 2023",0,0,0,2023,7,6.66666666666667,79
"WY","CL","10258 _ 1 _ 2023",0,0,0,2023,1,6.66666666666667,79
"WY","CL","10258 _ 1 _ 2023",0,0,0,2023,3,6.66666666666667,79
"WY","CL","10258 _ 1 _ 2023",0,0,0,2023,2,6.66666666666667,79
"WY","CL","10258 _ 1 _ 2023",0,0,0,2023,4,6.66666666666667,79
"WY","CL","10258 _ 1 _ 2023",0,0,0,2023,0,6.66666666666667,79
"BLM","CL","10302 _ 1 _ 2023",0,0,0,2023,2,5.94444444444445,121
"BLM","CL","10302 _ 1 _ 2023",0,0,0,2023,2,5.94444444444445,121
"BLM","CL","10302 _ 1 _ 2023",0,0,0,2023,1,5.94444444444445,121
"BLM","CL","10302 _ 1 _ 2023",0,0,0,2023,4,5.94444444444445,121
"BLM","CL","10302 _ 1 _ 2023",0,0,0,2023,2,5.94444444444445,121
"BLM","CL","10302 _ 1 _ 2023",0,1,0,2023,4,5.94444444444445,121
"BLM","CL","10302 _ 1 _ 2023",1,0,1,2023,7,5.94444444444445,121
"BLM","CL","10302 _ 1 _ 2024",0,0,0,2024,3,10.6666666666667,115
"BLM","CL","10302 _ 1 _ 2024",0,0,0,2024,2,10.6666666666667,115
"BLM","CL","10302 _ 1 _ 2024",0,0,0,2024,3,10.6666666666667,115
"BLM","CL","10302 _ 1 _ 2024",0,0,0,2024,4,10.6666666666667,115
"BLM","CL","10302 _ 1 _ 2024",0,0,0,2024,9,10.6666666666667,115
"BLM","CL","10302 _ 1 _ 2024",0,1,0,2024,3,10.6666666666667,115
"BLM","CL","10302 _ 1 _ 2024",0,0,0,2024,3,10.6666666666667,115
"WY","CL","10399 _ 1 _ 2023",0,0,0,2023,2,10.3888888888889,129
"WY","CL","10399 _ 1 _ 2023",0,0,0,2023,1,10.3888888888889,129
"WY","CL","10399 _ 1 _ 2023",0,0,0,2023,1,10.3888888888889,129
"WY","CL","10399 _ 1 _ 2023",0,0,0,2023,6,10.3888888888889,129
"WY","CL","10399 _ 1 _ 2023",0,0,0,2023,5,10.3888888888889,129
"WY","CL","10399 _ 1 _ 2023",0,0,0,2023,8,10.3888888888889,129
"WY","CL","10399 _ 1 _ 2023",0,0,0,2023,6,10.3888888888889,129
"WY","CL","10399 _ 1 _ 2024",0,0,0,2024,2,4.83333333333333,128
"WY","CL","10399 _ 1 _ 2024",0,0,0,2024,2,4.83333333333333,128
"WY","CL","10399 _ 1 _ 2024",0,0,0,2024,5,4.83333333333333,128
"WY","CL","10399 _ 1 _ 2024",0,0,0,2024,7,4.83333333333333,128
"WY","CL","10399 _ 1 _ 2024",0,0,0,2024,7,4.83333333333333,128
"WY","CL","10399 _ 1 _ 2024",0,0,0,2024,1,4.83333333333333,128
"WY","CL","10399 _ 1 _ 2024",0,0,0,2024,1,4.83333333333333,128
"WY","CL","10403 _ 1 _ 2023",0,0,0,2023,2,14.9444444444444,81
"WY","CL","10403 _ 1 _ 2023",0,0,0,2023,5,14.9444444444444,81
"WY","CL","10403 _ 1 _ 2023",0,0,0,2023,3,14.9444444444444,81
"WY","CL","10403 _ 1 _ 2023",0,0,0,2023,0,14.9444444444444,81
"WY","CL","10403 _ 1 _ 2023",0,0,0,2023,1,14.9444444444444,81
"WY","CL","10403 _ 1 _ 2023",0,0,0,2023,2,14.9444444444444,81
"WY","CL","10403 _ 1 _ 2023",0,0,0,2023,1,14.9444444444444,81
"WY","CL","10403 _ 1 _ 2024",0,0,0,2024,1,18.0555555555556,136
"WY","CL","10403 _ 1 _ 2024",0,0,0,2024,0,18.0555555555556,136
"WY","CL","10403 _ 1 _ 2024",0,0,0,2024,4,18.0555555555556,136
"WY","CL","10403 _ 1 _ 2024",0,0,0,2024,3,18.0555555555556,136
"WY","CL","10403 _ 1 _ 2024",0,0,0,2024,1,18.0555555555556,136
"WY","CL","10403 _ 1 _ 2024",0,0,0,2024,1,18.0555555555556,136
"WY","CL","10403 _ 1 _ 2024",0,0,0,2024,1,18.0555555555556,136
"WY","CL","10422 _ 1 _ 2023",0,0,0,2023,11,8.88888888888889,89
"WY","CL","10422 _ 1 _ 2023",0,0,0,2023,11,8.88888888888889,89
"WY","CL","10422 _ 1 _ 2023",0,0,0,2023,1,8.88888888888889,89
"WY","CL","10422 _ 1 _ 2023",0,0,0,2023,5,8.88888888888889,89
"WY","CL","10422 _ 1 _ 2023",0,0,0,2023,6,8.88888888888889,89
"WY","CL","10422 _ 1 _ 2023",0,0,0,2023,4,8.88888888888889,89
"WY","CL","10422 _ 1 _ 2023",0,0,0,2023,4,8.88888888888889,89
"WY","CL","10422 _ 1 _ 2024",0,0,0,2024,4,16.7222222222222,100
"WY","CL","10422 _ 1 _ 2024",0,0,0,2024,4,16.7222222222222,100
"WY","CL","10422 _ 1 _ 2024",0,0,0,2024,2,16.7222222222222,100
"WY","CL","10422 _ 1 _ 2024",0,0,0,2024,0,16.7222222222222,100
"WY","CL","10422 _ 1 _ 2024",0,0,0,2024,10,16.7222222222222,100
"WY","CL","10422 _ 1 _ 2024",0,0,0,2024,1,16.7222222222222,100
"WY","CL","10422 _ 1 _ 2024",0,0,0,2024,8,16.7222222222222,100
"WY","CL","10422 _ 2 _ 2024",0,0,0,2024,4,21.3333333333333,148
"WY","CL","10422 _ 2 _ 2024",0,0,0,2024,1,21.3333333333333,148
"WY","CL","10422 _ 2 _ 2024",0,0,0,2024,2,21.3333333333333,148
"WY","CL","10422 _ 2 _ 2024",0,0,0,2024,2,21.3333333333333,148
"WY","CL","10422 _ 2 _ 2024",0,0,0,2024,0,21.3333333333333,148
"WY","CL","10422 _ 2 _ 2024",0,0,0,2024,1,21.3333333333333,148
"WY","CL","10422 _ 2 _ 2024",0,0,0,2024,2,21.3333333333333,148
"BLM","CL","10439 _ 1 _ 2023",0,0,0,2023,6,7.22222222222222,124
"BLM","CL","10439 _ 1 _ 2023",0,0,0,2023,4,7.22222222222222,124
"BLM","CL","10439 _ 1 _ 2023",0,1,0,2023,3,7.22222222222222,124
"BLM","CL","10439 _ 1 _ 2023",0,0,0,2023,2,7.22222222222222,124
"BLM","CL","10439 _ 1 _ 2023",0,0,0,2023,4,7.22222222222222,124
"BLM","CL","10439 _ 1 _ 2023",0,0,0,2023,3,7.22222222222222,124
"BLM","CL","10439 _ 1 _ 2023",0,0,0,2023,2,7.22222222222222,124
"BLM","CL","10439 _ 1 _ 2024",0,0,0,2024,1,6.11111111111111,116
"BLM","CL","10439 _ 1 _ 2024",0,0,0,2024,3,6.11111111111111,116
"BLM","CL","10439 _ 1 _ 2024",0,0,0,2024,3,6.11111111111111,116
"BLM","CL","10439 _ 1 _ 2024",0,0,0,2024,1,6.11111111111111,116
"BLM","CL","10439 _ 1 _ 2024",0,0,0,2024,4,6.11111111111111,116
"BLM","CL","10439 _ 1 _ 2024",0,1,0,2024,7,6.11111111111111,116
"BLM","CL","10439 _ 1 _ 2024",0,1,2,2024,3,6.11111111111111,116
"WY","CL","10444 _ 1 _ 2023",0,0,0,2023,1,10.2777777777778,81
"WY","CL","10444 _ 1 _ 2023",0,0,0,2023,4,10.2777777777778,81
"WY","CL","10444 _ 1 _ 2023",0,0,0,2023,0,10.2777777777778,81
"WY","CL","10444 _ 1 _ 2023",0,0,0,2023,0,10.2777777777778,81
"WY","CL","10444 _ 1 _ 2023",0,0,0,2023,1,10.2777777777778,81
"WY","CL","10444 _ 1 _ 2023",0,0,0,2023,3,10.2777777777778,81
"WY","CL","10444 _ 1 _ 2023",0,0,0,2023,0,10.2777777777778,81
"WY","CL","10444 _ 1 _ 2024",0,0,0,2024,3,21.5555555555556,136
"WY","CL","10444 _ 1 _ 2024",0,0,0,2024,2,21.5555555555556,136
"WY","CL","10444 _ 1 _ 2024",0,0,0,2024,1,21.5555555555556,136
"WY","CL","10444 _ 1 _ 2024",0,0,0,2024,4,21.5555555555556,136
"WY","CL","10444 _ 1 _ 2024",0,0,0,2024,6,21.5555555555556,136
"WY","CL","10444 _ 1 _ 2024",0,0,0,2024,5,21.5555555555556,136
"WY","CL","10444 _ 1 _ 2024",0,0,0,2024,4,21.5555555555556,136
"WY","CL","10463 _ 1 _ 2024",0,0,0,2024,2,12.8888888888889,100
"WY","CL","10463 _ 1 _ 2024",0,0,0,2024,4,12.8888888888889,100
"WY","CL","10463 _ 1 _ 2024",0,0,0,2024,4,12.8888888888889,100
"WY","CL","10463 _ 1 _ 2024",0,0,0,2024,2,12.8888888888889,100
"WY","CL","10463 _ 1 _ 2024",0,0,0,2024,1,12.8888888888889,100
"WY","CL","10463 _ 1 _ 2024",0,0,0,2024,4,12.8888888888889,100
"WY","CL","10463 _ 1 _ 2024",0,0,0,2024,5,12.8888888888889,100
"WY","CL","10467 _ 1 _ 2023",0,0,0,2023,2,0.611111111111112,73
"WY","CL","10467 _ 1 _ 2023",0,0,0,2023,5,0.611111111111112,73
"WY","CL","10467 _ 1 _ 2023",0,0,0,2023,5,0.611111111111112,73
"WY","CL","10467 _ 1 _ 2023",0,0,0,2023,0,0.611111111111112,73
"WY","CL","10467 _ 1 _ 2023",0,0,0,2023,2,0.611111111111112,73
"WY","CL","10467 _ 1 _ 2023",0,0,0,2023,1,0.611111111111112,73
"WY","CL","10467 _ 1 _ 2023",0,0,0,2023,0,0.611111111111112,73
"WY","CL","10467 _ 1 _ 2024",0,0,0,2024,1,11.9444444444444,100
"WY","CL","10467 _ 1 _ 2024",0,0,0,2024,4,11.9444444444444,100
"WY","CL","10467 _ 1 _ 2024",0,0,0,2024,4,11.9444444444444,100
"WY","CL","10467 _ 1 _ 2024",0,0,0,2024,2,11.9444444444444,100
"WY","CL","10467 _ 1 _ 2024",0,0,0,2024,3,11.9444444444444,100
"WY","CL","10467 _ 1 _ 2024",0,0,0,2024,3,11.9444444444444,100
"WY","CL","10467 _ 1 _ 2024",0,0,0,2024,1,11.9444444444444,100
"WY","NC","10471 _ 1 _ 2024",0,0,0,2024,3,13.1111111111111,148
"WY","NC","10471 _ 1 _ 2024",0,0,0,2024,2,13.1111111111111,148
"WY","NC","10471 _ 1 _ 2024",0,0,0,2024,8,13.1111111111111,148
"WY","NC","10471 _ 1 _ 2024",0,0,0,2024,3,13.1111111111111,148
"WY","NC","10471 _ 1 _ 2024",0,0,0,2024,4,13.1111111111111,148
"WY","NC","10471 _ 1 _ 2024",0,0,0,2024,3,13.1111111111111,148
"WY","NC","10471 _ 1 _ 2024",0,0,0,2024,2,13.1111111111111,148
"WY","NC","10471 _ 2 _ 2024",0,0,0,2024,0,18.6111111111111,148
"WY","NC","10471 _ 2 _ 2024",0,0,0,2024,1,18.6111111111111,148
"WY","NC","10471 _ 2 _ 2024",0,0,0,2024,2,18.6111111111111,148
"WY","NC","10471 _ 2 _ 2024",0,0,0,2024,4,18.6111111111111,148
"WY","NC","10471 _ 2 _ 2024",0,0,0,2024,4,18.6111111111111,148
"WY","NC","10471 _ 2 _ 2024",0,0,0,2024,4,18.6111111111111,148
"WY","NC","10471 _ 2 _ 2024",0,0,0,2024,4,18.6111111111111,148
"WY","CL","10488 _ 1 _ 2023",0,0,0,2023,0,8.83333333333333,80
"WY","CL","10488 _ 1 _ 2023",0,0,0,2023,0,8.83333333333333,80
"WY","CL","10488 _ 1 _ 2023",0,0,0,2023,0,8.83333333333333,80
"WY","CL","10488 _ 1 _ 2023",0,0,0,2023,2,8.83333333333333,80
"WY","CL","10488 _ 1 _ 2023",0,0,0,2023,0,8.83333333333333,80
"WY","CL","10488 _ 1 _ 2023",0,0,0,2023,1,8.83333333333333,80
"WY","CL","10488 _ 1 _ 2023",0,0,0,2023,0,8.83333333333333,80
"WY","CL","10498 _ 1 _ 2023",0,0,0,2023,0,11.1111111111111,130
"WY","CL","10498 _ 1 _ 2023",0,0,0,2023,4,11.1111111111111,130
"WY","CL","10498 _ 1 _ 2023",0,0,0,2023,0,11.1111111111111,130
"WY","CL","10498 _ 1 _ 2023",0,0,0,2023,0,11.1111111111111,130
"WY","CL","10498 _ 1 _ 2023",0,0,0,2023,2,11.1111111111111,130
"WY","CL","10498 _ 1 _ 2023",0,0,0,2023,6,11.1111111111111,130
"WY","CL","10498 _ 1 _ 2023",0,0,0,2023,3,11.1111111111111,130
"WY","CL","10506 _ 1 _ 2023",0,0,0,2023,5,4.11111111111111,72
"WY","CL","10506 _ 1 _ 2023",0,0,0,2023,4,4.11111111111111,72
"WY","CL","10506 _ 1 _ 2023",0,0,0,2023,7,4.11111111111111,72
"WY","CL","10506 _ 1 _ 2023",0,0,0,2023,3,4.11111111111111,72
"WY","CL","10506 _ 1 _ 2023",0,0,0,2023,5,4.11111111111111,72
"WY","CL","10506 _ 1 _ 2023",0,0,0,2023,11,4.11111111111111,72
"WY","CL","10506 _ 1 _ 2023",0,0,0,2023,2,4.11111111111111,72
"WY","CL","10506 _ 1 _ 2024",0,0,0,2024,3,13.5555555555556,86
"WY","CL","10506 _ 1 _ 2024",0,0,0,2024,8,13.5555555555556,86
"WY","CL","10506 _ 1 _ 2024",0,0,0,2024,2,13.5555555555556,86
"WY","CL","10506 _ 1 _ 2024",0,0,0,2024,2,13.5555555555556,86
"WY","CL","10506 _ 1 _ 2024",0,0,0,2024,1,13.5555555555556,86
"WY","CL","10506 _ 1 _ 2024",0,0,0,2024,9,13.5555555555556,86
"WY","CL","10506 _ 1 _ 2024",0,0,0,2024,6,13.5555555555556,86
"WY","CL","10550 _ 1 _ 2023",0,0,0,2023,2,5.5,89
"WY","CL","10550 _ 1 _ 2023",0,0,0,2023,1,5.5,89
"WY","CL","10550 _ 1 _ 2023",0,0,0,2023,3,5.5,89
"WY","CL","10550 _ 1 _ 2023",0,0,0,2023,4,5.5,89
"WY","CL","10550 _ 1 _ 2023",0,0,0,2023,0,5.5,89
"WY","CL","10550 _ 1 _ 2023",0,0,0,2023,4,5.5,89
"WY","CL","10550 _ 1 _ 2023",0,0,0,2023,9,5.5,89
"WY","CL","10553 _ 1 _ 2023",0,0,0,2023,0,16.9444444444444,130
"WY","CL","10553 _ 1 _ 2023",0,0,0,2023,1,16.9444444444444,130
"WY","CL","10553 _ 1 _ 2023",0,0,0,2023,3,16.9444444444444,130
"WY","CL","10553 _ 1 _ 2023",0,0,0,2023,5,16.9444444444444,130
"WY","CL","10553 _ 1 _ 2023",0,0,0,2023,3,16.9444444444444,130
"WY","CL","10553 _ 1 _ 2023",0,0,0,2023,7,16.9444444444444,130
"WY","CL","10553 _ 1 _ 2023",0,0,0,2023,5,16.9444444444444,130
"WY","CL","10597 _ 1 _ 2023",0,0,0,2023,2,3.44444444444445,82
"WY","CL","10597 _ 1 _ 2023",0,0,0,2023,8,3.44444444444445,82
"WY","CL","10597 _ 1 _ 2023",0,0,0,2023,2,3.44444444444445,82
"WY","CL","10597 _ 1 _ 2023",0,0,0,2023,1,3.44444444444445,82
"WY","CL","10597 _ 1 _ 2023",0,0,0,2023,0,3.44444444444445,82
"WY","CL","10597 _ 1 _ 2023",0,0,0,2023,0,3.44444444444445,82
"WY","CL","10597 _ 1 _ 2023",0,0,0,2023,10,3.44444444444445,82
"WY","CL","10597 _ 1 _ 2024",0,0,0,2024,6,10.3888888888889,142
"WY","CL","10597 _ 1 _ 2024",0,0,0,2024,3,10.3888888888889,142
"WY","CL","10597 _ 1 _ 2024",0,0,0,2024,2,10.3888888888889,142
"WY","CL","10597 _ 1 _ 2024",0,0,0,2024,1,10.3888888888889,142
"WY","CL","10597 _ 1 _ 2024",0,0,0,2024,3,10.3888888888889,142
"WY","CL","10597 _ 1 _ 2024",0,0,0,2024,4,10.3888888888889,142
"WY","CL","10597 _ 1 _ 2024",0,0,0,2024,3,10.3888888888889,142
"WY","CL","10956 _ 1 _ 2023",0,0,0,2023,4,6.72222222222222,87
"WY","CL","10956 _ 1 _ 2023",0,0,0,2023,3,6.72222222222222,87
"WY","CL","10956 _ 1 _ 2023",0,0,0,2023,3,6.72222222222222,87
"WY","CL","10956 _ 1 _ 2023",0,0,0,2023,4,6.72222222222222,87
"WY","CL","10956 _ 1 _ 2023",0,0,0,2023,8,6.72222222222222,87
"WY","CL","10956 _ 1 _ 2023",0,0,0,2023,1,6.72222222222222,87
"WY","CL","10956 _ 1 _ 2023",0,0,0,2023,2,6.72222222222222,87
"WY","CL","10956 _ 1 _ 2024",0,0,0,2024,2,10.2777777777778,94
"WY","CL","10956 _ 1 _ 2024",0,0,0,2024,1,10.2777777777778,94
"WY","CL","10956 _ 1 _ 2024",0,0,0,2024,5,10.2777777777778,94
"WY","CL","10956 _ 1 _ 2024",0,0,0,2024,4,10.2777777777778,94
"WY","CL","10956 _ 1 _ 2024",0,0,0,2024,1,10.2777777777778,94
"WY","CL","10956 _ 1 _ 2024",0,0,0,2024,4,10.2777777777778,94
"WY","CL","10956 _ 1 _ 2024",0,0,0,2024,4,10.2777777777778,94
"WY","CL","10963 _ 1 _ 2023",0,0,0,2023,3,9.5,80
"WY","CL","10963 _ 1 _ 2023",0,0,0,2023,2,9.5,80
"WY","CL","10963 _ 1 _ 2023",0,0,0,2023,2,9.5,80
"WY","CL","10963 _ 1 _ 2023",0,0,0,2023,0,9.5,80
"WY","CL","10963 _ 1 _ 2023",0,0,0,2023,1,9.5,80
"WY","CL","10963 _ 1 _ 2023",0,0,0,2023,0,9.5,80
"WY","CL","10963 _ 1 _ 2023",0,0,0,2023,2,9.5,80
"WY","CL","10965 _ 1 _ 2023",0,0,0,2023,12,11.6111111111111,129
"WY","CL","10965 _ 1 _ 2023",0,0,0,2023,4,11.6111111111111,129
"WY","CL","10965 _ 1 _ 2023",0,0,0,2023,5,11.6111111111111,129
"WY","CL","10965 _ 1 _ 2023",0,0,0,2023,8,11.6111111111111,129
"WY","CL","10965 _ 1 _ 2023",0,0,0,2023,2,11.6111111111111,129
"WY","CL","10965 _ 1 _ 2023",0,0,0,2023,4,11.6111111111111,129
"WY","CL","10965 _ 1 _ 2023",0,0,0,2023,2,11.6111111111111,129
"WY","CL","10968 _ 1 _ 2023",0,0,0,2023,0,15.0555555555556,123
"WY","CL","10968 _ 1 _ 2023",0,0,0,2023,0,15.0555555555556,123
"WY","CL","10968 _ 1 _ 2023",0,0,0,2023,3,15.0555555555556,123
"WY","CL","10968 _ 1 _ 2023",0,0,0,2023,2,15.0555555555556,123
"WY","CL","10968 _ 1 _ 2023",0,0,0,2023,1,15.0555555555556,123
"WY","CL","10968 _ 1 _ 2023",0,0,0,2023,1,15.0555555555556,123
"WY","CL","10968 _ 1 _ 2023",0,0,0,2023,1,15.0555555555556,123
"WY","CL","10968 _ 1 _ 2024",0,0,0,2024,1,6.55555555555555,128
"WY","CL","10968 _ 1 _ 2024",0,0,0,2024,2,6.55555555555555,128
"WY","CL","10968 _ 1 _ 2024",0,0,0,2024,2,6.55555555555555,128
"WY","CL","10968 _ 1 _ 2024",0,0,0,2024,1,6.55555555555555,128
"WY","CL","10968 _ 1 _ 2024",0,0,0,2024,2,6.55555555555555,128
"WY","CL","10968 _ 1 _ 2024",0,0,0,2024,1,6.55555555555555,128
"WY","CL","10968 _ 1 _ 2024",0,0,0,2024,2,6.55555555555555,128
"WY","CL","11079 _ 1 _ 2023",0,0,0,2023,2,4.33333333333333,79
"WY","CL","11079 _ 1 _ 2023",0,0,0,2023,2,4.33333333333333,79
"WY","CL","11079 _ 1 _ 2023",0,0,0,2023,0,4.33333333333333,79
"WY","CL","11079 _ 1 _ 2023",0,0,0,2023,0,4.33333333333333,79
"WY","CL","11079 _ 1 _ 2023",0,0,0,2023,5,4.33333333333333,79
"WY","CL","11079 _ 1 _ 2023",0,0,0,2023,3,4.33333333333333,79
"WY","CL","11079 _ 1 _ 2023",0,0,0,2023,2,4.33333333333333,79
"WY","CL","11081 _ 1 _ 2024",0,0,0,2024,0,20.8333333333333,130
"WY","CL","11081 _ 1 _ 2024",0,0,0,2024,0,20.8333333333333,130
"WY","CL","11081 _ 1 _ 2024",0,0,0,2024,1,20.8333333333333,130
"WY","CL","11081 _ 1 _ 2024",1,0,0,2024,1,20.8333333333333,130
"WY","CL","11081 _ 1 _ 2024",0,0,0,2024,2,20.8333333333333,130
"WY","CL","11081 _ 1 _ 2024",0,0,0,2024,0,20.8333333333333,130
"WY","CL","11081 _ 1 _ 2024",0,0,0,2024,0,20.8333333333333,130
"WY","CL","11084 _ 1 _ 2024",0,0,0,2024,3,15.5,130
"WY","CL","11084 _ 1 _ 2024",0,0,0,2024,0,15.5,130
"WY","CL","11084 _ 1 _ 2024",0,0,0,2024,0,15.5,130
"WY","CL","11084 _ 1 _ 2024",0,0,0,2024,1,15.5,130
"WY","CL","11084 _ 1 _ 2024",0,0,0,2024,2,15.5,130
"WY","CL","11084 _ 1 _ 2024",0,0,0,2024,1,15.5,130
"WY","CL","11084 _ 1 _ 2024",0,0,0,2024,2,15.5,130
"ODF","NC","12033 _ 1 _ 2023",0,0,0,2023,2,19,116
"ODF","NC","12033 _ 1 _ 2023",1,1,0,2023,8,19,116
"ODF","NC","12033 _ 1 _ 2023",0,1,0,2023,4,19,116
"ODF","NC","12033 _ 1 _ 2023",0,0,1,2023,2,19,116
"ODF","NC","12033 _ 1 _ 2023",1,1,1,2023,5,19,116
"ODF","NC","12033 _ 1 _ 2023",2,1,0,2023,1,19,116
"ODF","NC","12033 _ 1 _ 2023",0,2,0,2023,4,19,116
"ODF","NC","12033 _ 1 _ 2024",0,0,0,2024,1,16.5555555555556,134
"ODF","NC","12033 _ 1 _ 2024",0,0,0,2024,3,16.5555555555556,134
"ODF","NC","12033 _ 1 _ 2024",1,0,0,2024,3,16.5555555555556,134
"ODF","NC","12033 _ 1 _ 2024",0,0,0,2024,3,16.5555555555556,134
"ODF","NC","12033 _ 1 _ 2024",0,0,0,2024,1,16.5555555555556,134
"ODF","NC","12033 _ 1 _ 2024",0,0,0,2024,5,16.5555555555556,134
"ODF","NC","12033 _ 1 _ 2024",0,0,0,2024,6,16.5555555555556,134
"ODF","NC","12098 _ 1 _ 2023",0,0,0,2023,4,11.7222222222222,122
"ODF","NC","12098 _ 1 _ 2023",0,0,0,2023,2,11.7222222222222,122
"ODF","NC","12098 _ 1 _ 2023",0,0,0,2023,4,11.7222222222222,122
"ODF","NC","12098 _ 1 _ 2023",0,0,0,2023,5,11.7222222222222,122
"ODF","NC","12098 _ 1 _ 2023",0,0,0,2023,7,11.7222222222222,122
"ODF","NC","12098 _ 1 _ 2023",0,0,0,2023,4,11.7222222222222,122
"ODF","NC","12098 _ 1 _ 2023",0,0,0,2023,0,11.7222222222222,122
"ODF","NC","12098 _ 1 _ 2024",0,0,0,2024,2,9.77777777777778,144
"ODF","NC","12098 _ 1 _ 2024",0,0,0,2024,4,9.77777777777778,144
"ODF","NC","12098 _ 1 _ 2024",0,0,0,2024,4,9.77777777777778,144
"ODF","NC","12098 _ 1 _ 2024",0,0,0,2024,3,9.77777777777778,144
"ODF","NC","12098 _ 1 _ 2024",0,0,0,2024,1,9.77777777777778,144
"ODF","NC","12098 _ 1 _ 2024",0,0,0,2024,0,9.77777777777778,144
"ODF","NC","12098 _ 1 _ 2024",1,0,0,2024,1,9.77777777777778,144
"BLM","CL","12213 _ 1 _ 2023",1,0,0,2023,3,13,114
"BLM","CL","12213 _ 1 _ 2023",1,0,0,2023,2,13,114
"BLM","CL","12213 _ 1 _ 2023",0,1,1,2023,0,13,114
"BLM","CL","12213 _ 1 _ 2023",1,0,0,2023,4,13,114
"BLM","CL","12213 _ 1 _ 2023",0,0,1,2023,9,13,114
"BLM","CL","12213 _ 1 _ 2023",0,0,0,2023,5,13,114
"BLM","CL","12213 _ 1 _ 2023",0,0,0,2023,6,13,114
"BLM","CL","12213 _ 1 _ 2024",0,0,0,2024,2,15.6111111111111,102
"BLM","CL","12213 _ 1 _ 2024",0,0,0,2024,2,15.6111111111111,102
"BLM","CL","12213 _ 1 _ 2024",0,0,0,2024,0,15.6111111111111,102
"BLM","CL","12213 _ 1 _ 2024",0,0,0,2024,2,15.6111111111111,102
"BLM","CL","12213 _ 1 _ 2024",0,0,0,2024,3,15.6111111111111,102
"BLM","CL","12213 _ 1 _ 2024",0,0,0,2024,1,15.6111111111111,102
"BLM","CL","12213 _ 1 _ 2024",0,0,1,2024,1,15.6111111111111,102
"BLM","CL","12239 _ 1 _ 2023",0,0,0,2023,5,9.77777777777778,74
"BLM","CL","12239 _ 1 _ 2023",0,0,0,2023,2,9.77777777777778,74
"BLM","CL","12239 _ 1 _ 2023",0,0,0,2023,2,9.77777777777778,74
"BLM","CL","12239 _ 1 _ 2023",0,0,0,2023,2,9.77777777777778,74
"BLM","CL","12239 _ 1 _ 2023",0,0,0,2023,5,9.77777777777778,74
"BLM","CL","12239 _ 1 _ 2023",0,0,0,2023,0,9.77777777777778,74
"BLM","CL","12239 _ 1 _ 2023",0,0,0,2023,4,9.77777777777778,74
"BLM","CL","12239 _ 1 _ 2024",1,0,0,2024,3,10.6666666666667,102
"BLM","CL","12239 _ 1 _ 2024",0,1,0,2024,3,10.6666666666667,102
"BLM","CL","12239 _ 1 _ 2024",0,0,0,2024,1,10.6666666666667,102
"BLM","CL","12239 _ 1 _ 2024",0,0,0,2024,3,10.6666666666667,102
"BLM","CL","12239 _ 1 _ 2024",0,0,0,2024,1,10.6666666666667,102
"BLM","CL","12239 _ 1 _ 2024",0,0,0,2024,3,10.6666666666667,102
"BLM","CL","12239 _ 1 _ 2024",0,0,0,2024,2,10.6666666666667,102
"ODF","NC","12349 _ 1 _ 2023",0,0,0,2023,7,13,122
"ODF","NC","12349 _ 1 _ 2023",0,0,0,2023,5,13,122
"ODF","NC","12349 _ 1 _ 2023",0,0,0,2023,5,13,122
"ODF","NC","12349 _ 1 _ 2023",0,0,0,2023,9,13,122
"ODF","NC","12349 _ 1 _ 2023",0,0,1,2023,2,13,122
"ODF","NC","12349 _ 1 _ 2023",0,0,0,2023,1,13,122
"ODF","NC","12349 _ 1 _ 2023",1,0,0,2023,1,13,122
"ODF","NC","12349 _ 1 _ 2024",0,0,0,2024,2,11.3888888888889,123
"ODF","NC","12349 _ 1 _ 2024",0,0,0,2024,3,11.3888888888889,123
"ODF","NC","12349 _ 1 _ 2024",1,1,2,2024,4,11.3888888888889,123
"ODF","NC","12349 _ 1 _ 2024",0,0,1,2024,5,11.3888888888889,123
"ODF","NC","12349 _ 1 _ 2024",1,0,0,2024,2,11.3888888888889,123
"ODF","NC","12349 _ 1 _ 2024",0,1,1,2024,5,11.3888888888889,123
"ODF","NC","12349 _ 1 _ 2024",0,1,0,2024,3,11.3888888888889,123
"ODF","NC","12351 _ 1 _ 2023",0,0,0,2023,2,18.9444444444444,143
"ODF","NC","12351 _ 1 _ 2023",0,0,0,2023,2,18.9444444444444,143
"ODF","NC","12351 _ 1 _ 2023",0,0,1,2023,3,18.9444444444444,143
"ODF","NC","12351 _ 1 _ 2023",0,0,0,2023,4,18.9444444444444,143
"ODF","NC","12351 _ 1 _ 2023",0,0,0,2023,5,18.9444444444444,143
"ODF","NC","12351 _ 1 _ 2023",1,0,0,2023,3,18.9444444444444,143
"ODF","NC","12351 _ 1 _ 2023",0,0,0,2023,3,18.9444444444444,143
"ODF","NC","12362 _ 1 _ 2023",0,0,0,2023,2,17.5,115
"ODF","NC","12362 _ 1 _ 2023",0,0,0,2023,3,17.5,115
"ODF","NC","12362 _ 1 _ 2023",0,0,0,2023,1,17.5,115
"ODF","NC","12362 _ 1 _ 2023",0,0,0,2023,0,17.5,115
"ODF","NC","12362 _ 1 _ 2023",1,0,0,2023,0,17.5,115
"ODF","NC","12362 _ 1 _ 2023",0,0,0,2023,0,17.5,115
"ODF","NC","12362 _ 1 _ 2023",0,0,0,2023,0,17.5,115
"ODF","NC","12362 _ 1 _ 2024",0,0,0,2024,2,6.33333333333333,106
"ODF","NC","12362 _ 1 _ 2024",0,0,0,2024,0,6.33333333333333,106
"ODF","NC","12362 _ 1 _ 2024",0,0,0,2024,2,6.33333333333333,106
"ODF","NC","12362 _ 1 _ 2024",0,0,0,2024,3,6.33333333333333,106
"ODF","NC","12362 _ 1 _ 2024",0,0,0,2024,3,6.33333333333333,106
"ODF","NC","12362 _ 1 _ 2024",0,0,0,2024,2,6.33333333333333,106
"ODF","NC","12362 _ 1 _ 2024",0,0,0,2024,2,6.33333333333333,106
"ODF","NC","12364 _ 1 _ 2023",0,0,0,2023,0,14.8333333333333,115
"ODF","NC","12364 _ 1 _ 2023",0,0,0,2023,0,14.8333333333333,115
"ODF","NC","12364 _ 1 _ 2023",0,0,0,2023,1,14.8333333333333,115
"ODF","NC","12364 _ 1 _ 2023",0,0,0,2023,0,14.8333333333333,115
"ODF","NC","12364 _ 1 _ 2023",0,0,0,2023,0,14.8333333333333,115
"ODF","NC","12364 _ 1 _ 2023",0,0,0,2023,0,14.8333333333333,115
"ODF","NC","12364 _ 1 _ 2023",0,0,0,2023,4,14.8333333333333,115
"ODF","NC","12364 _ 1 _ 2024",0,0,0,2024,5,9.44444444444444,106
"ODF","NC","12364 _ 1 _ 2024",0,0,0,2024,2,9.44444444444444,106
"ODF","NC","12364 _ 1 _ 2024",0,0,0,2024,2,9.44444444444444,106
"ODF","NC","12364 _ 1 _ 2024",1,0,0,2024,2,9.44444444444444,106
"ODF","NC","12364 _ 1 _ 2024",0,0,0,2024,0,9.44444444444444,106
"ODF","NC","12364 _ 1 _ 2024",0,0,0,2024,2,9.44444444444444,106
"ODF","NC","12364 _ 1 _ 2024",0,0,0,2024,1,9.44444444444444,106
"ODF","NC","12392 _ 1 _ 2023",0,0,0,2023,1,13.3333333333333,131
"ODF","NC","12392 _ 1 _ 2023",0,0,0,2023,0,13.3333333333333,131
"ODF","NC","12392 _ 1 _ 2023",1,0,0,2023,0,13.3333333333333,131
"ODF","NC","12392 _ 1 _ 2023",0,0,0,2023,0,13.3333333333333,131
"ODF","NC","12392 _ 1 _ 2023",0,0,0,2023,0,13.3333333333333,131
"ODF","NC","12392 _ 1 _ 2023",1,0,0,2023,3,13.3333333333333,131
"ODF","NC","12392 _ 1 _ 2023",0,0,0,2023,2,13.3333333333333,131
"ODF","NC","12421 _ 1 _ 2023",0,0,0,2023,4,16.1666666666667,117
"ODF","NC","12421 _ 1 _ 2023",0,0,1,2023,5,16.1666666666667,117
"ODF","NC","12421 _ 1 _ 2023",0,0,0,2023,2,16.1666666666667,117
"ODF","NC","12421 _ 1 _ 2023",1,0,0,2023,1,16.1666666666667,117
"ODF","NC","12421 _ 1 _ 2023",0,0,0,2023,2,16.1666666666667,117
"ODF","NC","12421 _ 1 _ 2023",0,0,0,2023,3,16.1666666666667,117
"ODF","NC","12421 _ 1 _ 2023",0,0,0,2023,0,16.1666666666667,117
"ODF","NC","12421 _ 1 _ 2024",0,0,0,2024,3,14.1666666666667,135
"ODF","NC","12421 _ 1 _ 2024",0,0,0,2024,3,14.1666666666667,135
"ODF","NC","12421 _ 1 _ 2024",1,0,0,2024,3,14.1666666666667,135
"ODF","NC","12421 _ 1 _ 2024",0,0,0,2024,1,14.1666666666667,135
"ODF","NC","12421 _ 1 _ 2024",0,0,0,2024,1,14.1666666666667,135
"ODF","NC","12421 _ 1 _ 2024",0,0,0,2024,3,14.1666666666667,135
"ODF","NC","12421 _ 1 _ 2024",0,0,0,2024,6,14.1666666666667,135
"ODF","NC","12441 _ 1 _ 2023",0,0,0,2023,4,23.9444444444444,117
"ODF","NC","12441 _ 1 _ 2023",0,0,0,2023,0,23.9444444444444,117
"ODF","NC","12441 _ 1 _ 2023",0,0,0,2023,4,23.9444444444444,117
"ODF","NC","12441 _ 1 _ 2023",0,0,1,2023,3,23.9444444444444,117
"ODF","NC","12441 _ 1 _ 2023",0,1,0,2023,9,23.9444444444444,117
"ODF","NC","12441 _ 1 _ 2023",1,1,0,2023,8,23.9444444444444,117
"ODF","NC","12441 _ 1 _ 2023",0,0,0,2023,1,23.9444444444444,117
"ODF","NC","12441 _ 1 _ 2024",0,0,0,2024,2,18.7777777777778,135
"ODF","NC","12441 _ 1 _ 2024",0,0,0,2024,5,18.7777777777778,135
"ODF","NC","12441 _ 1 _ 2024",0,0,0,2024,2,18.7777777777778,135
"ODF","NC","12441 _ 1 _ 2024",1,0,0,2024,0,18.7777777777778,135
"ODF","NC","12441 _ 1 _ 2024",0,0,0,2024,2,18.7777777777778,135
"ODF","NC","12441 _ 1 _ 2024",0,0,0,2024,1,18.7777777777778,135
"ODF","NC","12441 _ 1 _ 2024",0,1,0,2024,3,18.7777777777778,135
"ODF","NC","12560 _ 1 _ 2023",0,0,0,2023,0,14.3333333333333,116
"ODF","NC","12560 _ 1 _ 2023",0,0,0,2023,1,14.3333333333333,116
"ODF","NC","12560 _ 1 _ 2023",0,0,0,2023,0,14.3333333333333,116
"ODF","NC","12560 _ 1 _ 2023",0,0,0,2023,0,14.3333333333333,116
"ODF","NC","12560 _ 1 _ 2023",0,0,1,2023,0,14.3333333333333,116
"ODF","NC","12560 _ 1 _ 2023",0,0,0,2023,2,14.3333333333333,116
"ODF","NC","12560 _ 1 _ 2023",0,0,0,2023,0,14.3333333333333,116
"ODF","NC","12560 _ 1 _ 2024",0,0,0,2024,0,13.9444444444444,109
"ODF","NC","12560 _ 1 _ 2024",0,0,0,2024,2,13.9444444444444,109
"ODF","NC","12560 _ 1 _ 2024",0,0,0,2024,1,13.9444444444444,109
"ODF","NC","12560 _ 1 _ 2024",0,0,0,2024,1,13.9444444444444,109
"ODF","NC","12560 _ 1 _ 2024",1,0,0,2024,2,13.9444444444444,109
"ODF","NC","12560 _ 1 _ 2024",1,0,0,2024,2,13.9444444444444,109
"ODF","NC","12560 _ 1 _ 2024",0,0,0,2024,0,13.9444444444444,109
"ODF","NC","12776 _ 1 _ 2024",0,0,0,2024,0,20.7777777777778,109
"ODF","NC","12776 _ 1 _ 2024",0,0,0,2024,2,20.7777777777778,109
"ODF","NC","12776 _ 1 _ 2024",0,0,0,2024,2,20.7777777777778,109
"ODF","NC","12776 _ 1 _ 2024",0,0,0,2024,3,20.7777777777778,109
"ODF","NC","12776 _ 1 _ 2024",0,0,0,2024,1,20.7777777777778,109
"ODF","NC","12776 _ 1 _ 2024",0,0,0,2024,1,20.7777777777778,109
"ODF","NC","12776 _ 1 _ 2024",0,0,0,2024,0,20.7777777777778,109
"ODF","NC","12804 _ 1 _ 2023",0,0,0,2023,2,8.22222222222222,128
"ODF","NC","12804 _ 1 _ 2023",0,0,0,2023,2,8.22222222222222,128
"ODF","NC","12804 _ 1 _ 2023",0,0,0,2023,4,8.22222222222222,128
"ODF","NC","12804 _ 1 _ 2023",0,0,0,2023,4,8.22222222222222,128
"ODF","NC","12804 _ 1 _ 2023",0,0,0,2023,5,8.22222222222222,128
"ODF","NC","12804 _ 1 _ 2023",0,0,0,2023,2,8.22222222222222,128
"ODF","NC","12804 _ 1 _ 2023",0,0,0,2023,4,8.22222222222222,128
"ODF","NC","12804 _ 1 _ 2024",0,0,0,2024,3,6.77777777777778,121
"ODF","NC","12804 _ 1 _ 2024",0,0,0,2024,1,6.77777777777778,121
"ODF","NC","12804 _ 1 _ 2024",0,0,0,2024,5,6.77777777777778,121
"ODF","NC","12804 _ 1 _ 2024",0,0,0,2024,4,6.77777777777778,121
"ODF","NC","12804 _ 1 _ 2024",0,0,0,2024,3,6.77777777777778,121
"ODF","NC","12804 _ 1 _ 2024",0,0,0,2024,8,6.77777777777778,121
"ODF","NC","12804 _ 1 _ 2024",0,0,0,2024,4,6.77777777777778,121
"ODF","NC","12805 _ 1 _ 2023",0,0,0,2023,2,7.94444444444444,128
"ODF","NC","12805 _ 1 _ 2023",0,0,0,2023,6,7.94444444444444,128
"ODF","NC","12805 _ 1 _ 2023",0,0,0,2023,0,7.94444444444444,128
"ODF","NC","12805 _ 1 _ 2023",0,0,0,2023,4,7.94444444444444,128
"ODF","NC","12805 _ 1 _ 2023",0,0,0,2023,4,7.94444444444444,128
"ODF","NC","12805 _ 1 _ 2023",0,0,0,2023,2,7.94444444444444,128
"ODF","NC","12805 _ 1 _ 2023",0,0,0,2023,8,7.94444444444444,128
"ODF","NC","12805 _ 1 _ 2024",0,0,0,2024,4,4.55555555555556,121
"ODF","NC","12805 _ 1 _ 2024",0,0,1,2024,1,4.55555555555556,121
"ODF","NC","12805 _ 1 _ 2024",0,0,0,2024,3,4.55555555555556,121
"ODF","NC","12805 _ 1 _ 2024",0,0,0,2024,2,4.55555555555556,121
"ODF","NC","12805 _ 1 _ 2024",0,0,0,2024,2,4.55555555555556,121
"ODF","NC","12805 _ 1 _ 2024",0,0,0,2024,5,4.55555555555556,121
"ODF","NC","12805 _ 1 _ 2024",0,0,0,2024,8,4.55555555555556,121
"ODF","NC","12806 _ 1 _ 2024",0,0,0,2024,1,9.77777777777778,123
"ODF","NC","12806 _ 1 _ 2024",1,0,0,2024,3,9.77777777777778,123
"ODF","NC","12806 _ 1 _ 2024",0,0,0,2024,2,9.77777777777778,123
"ODF","NC","12806 _ 1 _ 2024",0,0,0,2024,3,9.77777777777778,123
"ODF","NC","12806 _ 1 _ 2024",0,0,0,2024,4,9.77777777777778,123
"ODF","NC","12806 _ 1 _ 2024",0,0,0,2024,1,9.77777777777778,123
"ODF","NC","12806 _ 1 _ 2024",0,0,1,2024,4,9.77777777777778,123
"BLM","CL","13924 _ 1 _ 2023",0,0,0,2023,4,3,75
"BLM","CL","13924 _ 1 _ 2023",0,0,0,2023,0,3,75
"BLM","CL","13924 _ 1 _ 2023",1,0,0,2023,4,3,75
"BLM","CL","13924 _ 1 _ 2023",0,0,0,2023,6,3,75
"BLM","CL","13924 _ 1 _ 2023",0,0,0,2023,12,3,75
"BLM","CL","13924 _ 1 _ 2023",0,0,0,2023,3,3,75
"BLM","CL","13924 _ 1 _ 2023",0,0,0,2023,4,3,75
"BLM","CL","13924 _ 1 _ 2024",0,0,0,2024,0,16.2222222222222,92
"BLM","CL","13924 _ 1 _ 2024",0,0,0,2024,0,16.2222222222222,92
"BLM","CL","13924 _ 1 _ 2024",0,0,0,2024,3,16.2222222222222,92
"BLM","CL","13924 _ 1 _ 2024",0,0,0,2024,3,16.2222222222222,92
"BLM","CL","13924 _ 1 _ 2024",0,1,0,2024,2,16.2222222222222,92
"BLM","CL","13924 _ 1 _ 2024",0,0,0,2024,4,16.2222222222222,92
"BLM","CL","13924 _ 1 _ 2024",0,0,0,2024,4,16.2222222222222,92
"BLM","CL","15562 _ 1 _ 2023",0,0,0,2023,0,10.5555555555556,86
"BLM","CL","15562 _ 1 _ 2023",1,1,0,2023,0,10.5555555555556,86
"BLM","CL","15562 _ 1 _ 2023",0,0,0,2023,1,10.5555555555556,86
"BLM","CL","15562 _ 1 _ 2023",0,0,0,2023,1,10.5555555555556,86
"BLM","CL","15562 _ 1 _ 2023",0,0,0,2023,2,10.5555555555556,86
"BLM","CL","15562 _ 1 _ 2023",2,0,0,2023,5,10.5555555555556,86
"BLM","CL","15562 _ 1 _ 2023",0,0,0,2023,2,10.5555555555556,86
"BLM","CL","15562 _ 1 _ 2024",0,0,0,2024,3,12.4444444444444,92
"BLM","CL","15562 _ 1 _ 2024",0,0,0,2024,3,12.4444444444444,92
"BLM","CL","15562 _ 1 _ 2024",0,0,0,2024,0,12.4444444444444,92
"BLM","CL","15562 _ 1 _ 2024",0,0,0,2024,5,12.4444444444444,92
"BLM","CL","15562 _ 1 _ 2024",0,0,0,2024,1,12.4444444444444,92
"BLM","CL","15562 _ 1 _ 2024",0,0,0,2024,3,12.4444444444444,92
"BLM","CL","15562 _ 1 _ 2024",0,0,0,2024,1,12.4444444444444,92
"BLM","CL","16804 _ 1 _ 2023",0,0,0,2023,0,9.72222222222222,88
"BLM","CL","16804 _ 1 _ 2023",0,0,0,2023,3,9.72222222222222,88
"BLM","CL","16804 _ 1 _ 2023",0,0,0,2023,0,9.72222222222222,88
"BLM","CL","16804 _ 1 _ 2023",0,0,0,2023,0,9.72222222222222,88
"BLM","CL","16804 _ 1 _ 2023",0,0,0,2023,2,9.72222222222222,88
"BLM","CL","16804 _ 1 _ 2023",0,0,0,2023,4,9.72222222222222,88
"BLM","CL","16804 _ 1 _ 2023",0,0,0,2023,0,9.72222222222222,88
"WY","SP","20039 _ 1 _ 2023",0,0,0,2023,7,15.3888888888889,152
"WY","SP","20039 _ 1 _ 2023",0,0,0,2023,3,15.3888888888889,152
"WY","SP","20039 _ 1 _ 2023",0,0,0,2023,9,15.3888888888889,152
"WY","SP","20039 _ 1 _ 2023",0,0,0,2023,6,15.3888888888889,152
"WY","SP","20039 _ 1 _ 2023",0,0,0,2023,0,15.3888888888889,152
"WY","SP","20039 _ 1 _ 2023",0,0,0,2023,2,15.3888888888889,152
"WY","SP","20039 _ 1 _ 2023",0,0,0,2023,2,15.3888888888889,152
"WY","SP","20039 _ 1 _ 2024",1,1,0,2024,4,9,122
"WY","SP","20039 _ 1 _ 2024",0,0,0,2024,3,9,122
"WY","SP","20039 _ 1 _ 2024",1,1,0,2024,4,9,122
"WY","SP","20039 _ 1 _ 2024",0,0,0,2024,4,9,122
"WY","SP","20039 _ 1 _ 2024",0,0,1,2024,7,9,122
"WY","SP","20039 _ 1 _ 2024",0,0,0,2024,2,9,122
"WY","SP","20039 _ 1 _ 2024",0,0,0,2024,3,9,122
"WY","SP","20053 _ 1 _ 2023",0,0,0,2023,1,14.2222222222222,152
"WY","SP","20053 _ 1 _ 2023",0,0,0,2023,0,14.2222222222222,152
"WY","SP","20053 _ 1 _ 2023",0,0,0,2023,4,14.2222222222222,152
"WY","SP","20053 _ 1 _ 2023",0,0,0,2023,2,14.2222222222222,152
"WY","SP","20053 _ 1 _ 2023",0,0,0,2023,3,14.2222222222222,152
"WY","SP","20053 _ 1 _ 2023",0,0,0,2023,0,14.2222222222222,152
"WY","SP","20053 _ 1 _ 2023",0,0,0,2023,0,14.2222222222222,152
"WY","SP","20053 _ 1 _ 2024",0,0,0,2024,3,4.94444444444444,122
"WY","SP","20053 _ 1 _ 2024",0,1,0,2024,4,4.94444444444444,122
"WY","SP","20053 _ 1 _ 2024",0,0,0,2024,2,4.94444444444444,122
"WY","SP","20053 _ 1 _ 2024",1,1,0,2024,2,4.94444444444444,122
"WY","SP","20053 _ 1 _ 2024",0,0,0,2024,3,4.94444444444444,122
"WY","SP","20053 _ 1 _ 2024",0,0,0,2024,3,4.94444444444444,122
"WY","SP","20053 _ 1 _ 2024",0,0,0,2024,3,4.94444444444444,122
"WY","SP","20550 _ 1 _ 2023",0,0,0,2023,6,13.7777777777778,153
"WY","SP","20550 _ 1 _ 2023",0,0,0,2023,2,13.7777777777778,153
"WY","SP","20550 _ 1 _ 2023",0,0,0,2023,0,13.7777777777778,153
"WY","SP","20550 _ 1 _ 2023",0,0,0,2023,0,13.7777777777778,153
"WY","SP","20550 _ 1 _ 2023",0,0,0,2023,4,13.7777777777778,153
"WY","SP","20550 _ 1 _ 2023",0,0,0,2023,1,13.7777777777778,153
"WY","SP","20550 _ 1 _ 2023",0,0,0,2023,2,13.7777777777778,153
"WY","SP","20550 _ 1 _ 2024",0,0,0,2024,1,18.1666666666667,93
"WY","SP","20550 _ 1 _ 2024",0,0,0,2024,0,18.1666666666667,93
"WY","SP","20550 _ 1 _ 2024",0,0,0,2024,3,18.1666666666667,93
"WY","SP","20550 _ 1 _ 2024",0,0,0,2024,1,18.1666666666667,93
"WY","SP","20550 _ 1 _ 2024",0,0,0,2024,0,18.1666666666667,93
"WY","SP","20550 _ 1 _ 2024",0,0,0,2024,4,18.1666666666667,93
"WY","SP","20550 _ 1 _ 2024",0,0,0,2024,3,18.1666666666667,93
"WY","SP","20616 _ 1 _ 2023",1,0,0,2023,7,18.7222222222222,135
"WY","SP","20616 _ 1 _ 2023",0,0,0,2023,5,18.7222222222222,135
"WY","SP","20616 _ 1 _ 2023",0,0,0,2023,5,18.7222222222222,135
"WY","SP","20616 _ 1 _ 2023",0,0,0,2023,5,18.7222222222222,135
"WY","SP","20616 _ 1 _ 2023",1,0,0,2023,3,18.7222222222222,135
"WY","SP","20616 _ 1 _ 2023",0,0,0,2023,2,18.7222222222222,135
"WY","SP","20616 _ 1 _ 2023",0,0,0,2023,4,18.7222222222222,135
"WY","SP","20616 _ 1 _ 2024",0,0,0,2024,1,11.9444444444444,81
"WY","SP","20616 _ 1 _ 2024",1,0,0,2024,1,11.9444444444444,81
"WY","SP","20616 _ 1 _ 2024",0,0,0,2024,2,11.9444444444444,81
"WY","SP","20616 _ 1 _ 2024",0,0,0,2024,0,11.9444444444444,81
"WY","SP","20616 _ 1 _ 2024",0,0,0,2024,3,11.9444444444444,81
"WY","SP","20616 _ 1 _ 2024",0,0,0,2024,4,11.9444444444444,81
"WY","SP","20616 _ 1 _ 2024",0,0,0,2024,4,11.9444444444444,81
"WY","SP","20626 _ 1 _ 2024",0,0,0,2024,1,18.0555555555556,144
"WY","SP","20626 _ 1 _ 2024",0,0,0,2024,2,18.0555555555556,144
"WY","SP","20626 _ 1 _ 2024",0,0,0,2024,3,18.0555555555556,144
"WY","SP","20626 _ 1 _ 2024",0,0,0,2024,1,18.0555555555556,144
"WY","SP","20626 _ 1 _ 2024",0,0,0,2024,4,18.0555555555556,144
"WY","SP","20626 _ 1 _ 2024",0,0,0,2024,3,18.0555555555556,144
"WY","SP","20626 _ 1 _ 2024",0,0,0,2024,0,18.0555555555556,144
"WY","SP","21026 _ 1 _ 2023",0,0,0,2023,12,22.0555555555556,137
"WY","SP","21026 _ 1 _ 2023",0,0,0,2023,2,22.0555555555556,137
"WY","SP","21026 _ 1 _ 2023",0,0,0,2023,3,22.0555555555556,137
"WY","SP","21026 _ 1 _ 2023",0,0,0,2023,1,22.0555555555556,137
"WY","SP","21026 _ 1 _ 2023",0,0,0,2023,5,22.0555555555556,137
"WY","SP","21026 _ 1 _ 2023",0,0,0,2023,2,22.0555555555556,137
"WY","SP","21026 _ 1 _ 2023",0,0,0,2023,2,22.0555555555556,137
"WY","SP","21159 _ 1 _ 2023",0,0,0,2023,2,27.4444444444444,137
"WY","SP","21159 _ 1 _ 2023",0,0,0,2023,8,27.4444444444444,137
"WY","SP","21159 _ 1 _ 2023",0,0,0,2023,0,27.4444444444444,137
"WY","SP","21159 _ 1 _ 2023",0,0,0,2023,2,27.4444444444444,137
"WY","SP","21159 _ 1 _ 2023",0,0,0,2023,5,27.4444444444444,137
"WY","SP","21159 _ 1 _ 2023",0,0,0,2023,5,27.4444444444444,137
"WY","SP","21159 _ 1 _ 2023",0,0,0,2023,14,27.4444444444444,137
"BLM","SP","25954 _ 1 _ 2023",0,0,0,2023,2,12.5,143
"BLM","SP","25954 _ 1 _ 2023",0,0,0,2023,0,12.5,143
"BLM","SP","25954 _ 1 _ 2023",0,0,0,2023,1,12.5,143
"BLM","SP","25954 _ 1 _ 2023",0,0,0,2023,1,12.5,143
"BLM","SP","25954 _ 1 _ 2023",0,0,0,2023,0,12.5,143
"BLM","SP","25954 _ 1 _ 2023",0,0,0,2023,0,12.5,143
"BLM","SP","25954 _ 1 _ 2023",0,0,0,2023,1,12.5,143
"BLM","SP","29121 _ 1 _ 2023",0,0,0,2023,4,24.1111111111111,135
"BLM","SP","29121 _ 1 _ 2023",0,0,0,2023,4,24.1111111111111,135
"BLM","SP","29121 _ 1 _ 2023",0,0,0,2023,2,24.1111111111111,135
"BLM","SP","29121 _ 1 _ 2023",1,0,0,2023,1,24.1111111111111,135
"BLM","SP","29121 _ 1 _ 2023",0,0,0,2023,7,24.1111111111111,135
"BLM","SP","29121 _ 1 _ 2023",0,0,0,2023,5,24.1111111111111,135
"BLM","SP","29121 _ 1 _ 2023",0,0,0,2023,12,24.1111111111111,135
"BLM","SP","29121 _ 1 _ 2024",0,0,1,2024,4,6.88888888888889,85
"BLM","SP","29121 _ 1 _ 2024",0,0,0,2024,5,6.88888888888889,85
"BLM","SP","29121 _ 1 _ 2024",0,0,0,2024,2,6.88888888888889,85
"BLM","SP","29121 _ 1 _ 2024",0,0,0,2024,3,6.88888888888889,85
"BLM","SP","29121 _ 1 _ 2024",3,0,0,2024,2,6.88888888888889,85
"BLM","SP","29121 _ 1 _ 2024",0,0,0,2024,2,6.88888888888889,85
"BLM","SP","29121 _ 1 _ 2024",0,0,0,2024,0,6.88888888888889,85
"BLM","SP","29122 _ 1 _ 2023",0,0,0,2023,3,19.7222222222222,136
"BLM","SP","29122 _ 1 _ 2023",1,1,0,2023,6,19.7222222222222,136
"BLM","SP","29122 _ 1 _ 2023",2,0,0,2023,1,19.7222222222222,136
"BLM","SP","29122 _ 1 _ 2023",0,0,0,2023,1,19.7222222222222,136
"BLM","SP","29122 _ 1 _ 2023",0,0,0,2023,2,19.7222222222222,136
"BLM","SP","29122 _ 1 _ 2023",0,0,0,2023,5,19.7222222222222,136
"BLM","SP","29122 _ 1 _ 2023",0,0,0,2023,5,19.7222222222222,136
"BLM","SP","29122 _ 1 _ 2024",1,0,0,2024,3,6.16666666666667,87
"BLM","SP","29122 _ 1 _ 2024",1,0,0,2024,1,6.16666666666667,87
"BLM","SP","29122 _ 1 _ 2024",0,1,0,2024,8,6.16666666666667,87
"BLM","SP","29122 _ 1 _ 2024",0,0,0,2024,4,6.16666666666667,87
"BLM","SP","29122 _ 1 _ 2024",0,0,0,2024,0,6.16666666666667,87
"BLM","SP","29122 _ 1 _ 2024",1,1,0,2024,0,6.16666666666667,87
"BLM","SP","29122 _ 1 _ 2024",0,0,0,2024,2,6.16666666666667,87
"BLM","SP","29123 _ 1 _ 2023",0,0,0,2023,0,15.1111111111111,136
"BLM","SP","29123 _ 1 _ 2023",0,0,0,2023,1,15.1111111111111,136
"BLM","SP","29123 _ 1 _ 2023",0,0,0,2023,4,15.1111111111111,136
"BLM","SP","29123 _ 1 _ 2023",0,0,0,2023,3,15.1111111111111,136
"BLM","SP","29123 _ 1 _ 2023",0,0,0,2023,1,15.1111111111111,136
"BLM","SP","29123 _ 1 _ 2023",0,0,1,2023,2,15.1111111111111,136
"BLM","SP","29123 _ 1 _ 2023",0,0,0,2023,1,15.1111111111111,136
"BLM","SP","29123 _ 1 _ 2024",0,0,1,2024,3,7.94444444444444,87
"BLM","SP","29123 _ 1 _ 2024",0,0,0,2024,4,7.94444444444444,87
"BLM","SP","29123 _ 1 _ 2024",0,2,1,2024,1,7.94444444444444,87
"BLM","SP","29123 _ 1 _ 2024",0,0,0,2024,7,7.94444444444444,87
"BLM","SP","29123 _ 1 _ 2024",0,0,0,2024,5,7.94444444444444,87
"BLM","SP","29123 _ 1 _ 2024",0,0,1,2024,0,7.94444444444444,87
"BLM","SP","29123 _ 1 _ 2024",0,1,0,2024,2,7.94444444444444,87
"BLM","SP","29429 _ 1 _ 2023",0,0,0,2023,4,19.8888888888889,138
"BLM","SP","29429 _ 1 _ 2023",0,0,0,2023,3,19.8888888888889,138
"BLM","SP","29429 _ 1 _ 2023",0,0,0,2023,2,19.8888888888889,138
"BLM","SP","29429 _ 1 _ 2023",0,0,0,2023,4,19.8888888888889,138
"BLM","SP","29429 _ 1 _ 2023",0,0,0,2023,4,19.8888888888889,138
"BLM","SP","29429 _ 1 _ 2023",0,1,0,2023,1,19.8888888888889,138
"BLM","SP","29429 _ 1 _ 2023",0,0,0,2023,2,19.8888888888889,138
"BLM","NC","29429 _ 1 _ 2024",0,0,0,2024,4,8.16666666666667,107
"BLM","NC","29429 _ 1 _ 2024",1,0,0,2024,4,8.16666666666667,107
"BLM","NC","29429 _ 1 _ 2024",0,0,0,2024,1,8.16666666666667,107
"BLM","NC","29429 _ 1 _ 2024",0,0,0,2024,5,8.16666666666667,107
"BLM","NC","29429 _ 1 _ 2024",0,0,0,2024,5,8.16666666666667,107
"BLM","NC","29429 _ 1 _ 2024",0,0,0,2024,4,8.16666666666667,107
"BLM","NC","29429 _ 1 _ 2024",0,0,0,2024,6,8.16666666666667,107
"WY","SP","29431 _ 1 _ 2023",0,0,0,2023,0,19.3888888888889,153
"WY","SP","29431 _ 1 _ 2023",0,0,0,2023,3,19.3888888888889,153
"WY","SP","29431 _ 1 _ 2023",0,0,0,2023,4,19.3888888888889,153
"WY","SP","29431 _ 1 _ 2023",0,0,0,2023,1,19.3888888888889,153
"WY","SP","29431 _ 1 _ 2023",0,0,0,2023,5,19.3888888888889,153
"WY","SP","29431 _ 1 _ 2023",0,0,0,2023,1,19.3888888888889,153
"WY","SP","29431 _ 1 _ 2023",0,0,0,2023,4,19.3888888888889,153
"BLM","SP","29431 _ 1 _ 2024",0,0,0,2024,5,19.9444444444444,93
"BLM","SP","29431 _ 1 _ 2024",0,1,0,2024,5,19.9444444444444,93
"BLM","SP","29431 _ 1 _ 2024",0,0,0,2024,6,19.9444444444444,93
"BLM","SP","29431 _ 1 _ 2024",0,0,0,2024,5,19.9444444444444,93
"BLM","SP","29431 _ 1 _ 2024",0,0,1,2024,1,19.9444444444444,93
"BLM","SP","29431 _ 1 _ 2024",0,0,0,2024,0,19.9444444444444,93
"BLM","SP","29431 _ 1 _ 2024",0,0,0,2024,0,19.9444444444444,93
"BLM","SP","29889 _ 1 _ 2023",0,0,0,2023,2,15.2222222222222,138
"BLM","SP","29889 _ 1 _ 2023",0,0,0,2023,4,15.2222222222222,138
"BLM","SP","29889 _ 1 _ 2023",0,0,0,2023,4,15.2222222222222,138
"BLM","SP","29889 _ 1 _ 2023",1,0,0,2023,3,15.2222222222222,138
"BLM","SP","29889 _ 1 _ 2023",0,0,0,2023,1,15.2222222222222,138
"BLM","SP","29889 _ 1 _ 2023",0,0,0,2023,9,15.2222222222222,138
"BLM","SP","29889 _ 1 _ 2023",0,0,0,2023,1,15.2222222222222,138
"BLM","SP","29889 _ 1 _ 2024",1,0,0,2024,2,9.22222222222222,107
"BLM","SP","29889 _ 1 _ 2024",0,0,0,2024,2,9.22222222222222,107
"BLM","SP","29889 _ 1 _ 2024",0,0,0,2024,5,9.22222222222222,107
"BLM","SP","29889 _ 1 _ 2024",0,1,0,2024,2,9.22222222222222,107
"BLM","SP","29889 _ 1 _ 2024",0,0,0,2024,4,9.22222222222222,107
"BLM","SP","29889 _ 1 _ 2024",0,0,0,2024,4,9.22222222222222,107
"BLM","SP","29889 _ 1 _ 2024",0,0,0,2024,4,9.22222222222222,107
"PB","CL","33628 _ 1 _ 2023",0,0,0,2023,1,7.88888888888889,96
"PB","CL","33628 _ 1 _ 2023",0,0,0,2023,0,7.88888888888889,96
"PB","CL","33628 _ 1 _ 2023",0,0,0,2023,0,7.88888888888889,96
"PB","CL","33628 _ 1 _ 2023",0,0,0,2023,1,7.88888888888889,96
"PB","CL","33628 _ 1 _ 2023",0,0,0,2023,3,7.88888888888889,96
"PB","CL","33628 _ 1 _ 2023",0,0,0,2023,0,7.88888888888889,96
"PB","CL","33628 _ 1 _ 2023",0,0,0,2023,0,7.88888888888889,96
"PB","CL","33628 _ 1 _ 2024",0,0,0,2024,2,23.2777777777778,114
"PB","CL","33628 _ 1 _ 2024",0,0,0,2024,0,23.2777777777778,114
"PB","CL","33628 _ 1 _ 2024",0,0,0,2024,0,23.2777777777778,114
"PB","CL","33628 _ 1 _ 2024",0,0,0,2024,3,23.2777777777778,114
"PB","CL","33628 _ 1 _ 2024",0,0,0,2024,1,23.2777777777778,114
"PB","CL","33628 _ 1 _ 2024",0,0,0,2024,2,23.2777777777778,114
"PB","CL","33628 _ 1 _ 2024",0,0,0,2024,1,23.2777777777778,114
"PB","CL","33651 _ 1 _ 2023",0,0,0,2023,6,5.66666666666667,101
"PB","CL","33651 _ 1 _ 2023",0,0,0,2023,4,5.66666666666667,101
"PB","CL","33651 _ 1 _ 2023",0,0,1,2023,1,5.66666666666667,101
"PB","CL","33651 _ 1 _ 2023",0,0,0,2023,0,5.66666666666667,101
"PB","CL","33651 _ 1 _ 2023",0,0,0,2023,2,5.66666666666667,101
"PB","CL","33651 _ 1 _ 2023",0,0,0,2023,2,5.66666666666667,101
"PB","CL","33651 _ 1 _ 2023",0,0,0,2023,1,5.66666666666667,101
"PB","CL","33651 _ 1 _ 2024",0,0,0,2024,2,21.0555555555556,114
"PB","CL","33651 _ 1 _ 2024",0,0,0,2024,0,21.0555555555556,114
"PB","CL","33651 _ 1 _ 2024",0,0,0,2024,1,21.0555555555556,114
"PB","CL","33651 _ 1 _ 2024",0,0,0,2024,1,21.0555555555556,114
"PB","CL","33651 _ 1 _ 2024",0,0,0,2024,1,21.0555555555556,114
"PB","CL","33651 _ 1 _ 2024",0,0,0,2024,1,21.0555555555556,114
"PB","CL","33651 _ 1 _ 2024",0,0,0,2024,0,21.0555555555556,114
"PB","CL","33689 _ 1 _ 2023",0,0,0,2023,0,12,96
"PB","CL","33689 _ 1 _ 2023",0,0,0,2023,3,12,96
"PB","CL","33689 _ 1 _ 2023",0,0,0,2023,0,12,96
"PB","CL","33689 _ 1 _ 2023",0,0,0,2023,0,12,96
"PB","CL","33689 _ 1 _ 2023",0,0,0,2023,0,12,96
"PB","CL","33689 _ 1 _ 2023",0,0,0,2023,2,12,96
"PB","CL","33689 _ 1 _ 2023",0,0,0,2023,3,12,96
"PB","CL","33689 _ 1 _ 2024",0,0,0,2024,0,19.8888888888889,113
"PB","CL","33689 _ 1 _ 2024",0,0,0,2024,1,19.8888888888889,113
"PB","CL","33689 _ 1 _ 2024",0,0,0,2024,0,19.8888888888889,113
"PB","CL","33689 _ 1 _ 2024",0,0,0,2024,1,19.8888888888889,113
"PB","CL","33689 _ 1 _ 2024",0,0,0,2024,3,19.8888888888889,113
"PB","CL","33689 _ 1 _ 2024",0,0,0,2024,5,19.8888888888889,113
"PB","CL","33689 _ 1 _ 2024",0,0,0,2024,2,19.8888888888889,113
"PB","CL","33754 _ 1 _ 2023",0,0,0,2023,2,7.33333333333333,95
"PB","CL","33754 _ 1 _ 2023",0,0,0,2023,1,7.33333333333333,95
"PB","CL","33754 _ 1 _ 2023",0,0,0,2023,0,7.33333333333333,95
"PB","CL","33754 _ 1 _ 2023",0,0,0,2023,7,7.33333333333333,95
"PB","CL","33754 _ 1 _ 2023",0,0,0,2023,2,7.33333333333333,95
"PB","CL","33754 _ 1 _ 2023",0,0,0,2023,2,7.33333333333333,95
"PB","CL","33754 _ 1 _ 2023",0,0,0,2023,1,7.33333333333333,95
"PB","CL","33810 _ 1 _ 2023",0,0,0,2023,5,7.33333333333333,100
"PB","CL","33810 _ 1 _ 2023",0,0,1,2023,3,7.33333333333333,100
"PB","CL","33810 _ 1 _ 2023",0,0,0,2023,2,7.33333333333333,100
"PB","CL","33810 _ 1 _ 2023",0,0,0,2023,0,7.33333333333333,100
"PB","CL","33810 _ 1 _ 2023",0,0,0,2023,3,7.33333333333333,100
"PB","CL","33810 _ 1 _ 2023",0,0,0,2023,8,7.33333333333333,100
"PB","CL","33810 _ 1 _ 2023",0,0,0,2023,8,7.33333333333333,100
"PB","CL","33810 _ 1 _ 2024",0,0,0,2024,0,8.5,116
"PB","CL","33810 _ 1 _ 2024",0,0,0,2024,2,8.5,116
"PB","CL","33810 _ 1 _ 2024",0,0,0,2024,2,8.5,116
"PB","CL","33810 _ 1 _ 2024",0,0,0,2024,0,8.5,116
"PB","CL","33810 _ 1 _ 2024",0,0,0,2024,2,8.5,116
"PB","CL","33810 _ 1 _ 2024",0,0,0,2024,2,8.5,116
"PB","CL","33810 _ 1 _ 2024",0,0,0,2024,0,8.5,116
"PB","CL","34007 _ 1 _ 2023",0,1,0,2023,2,8.27777777777778,107
"PB","CL","34007 _ 1 _ 2023",0,0,1,2023,2,8.27777777777778,107
"PB","CL","34007 _ 1 _ 2023",0,0,0,2023,1,8.27777777777778,107
"PB","CL","34007 _ 1 _ 2023",0,0,0,2023,1,8.27777777777778,107
"PB","CL","34007 _ 1 _ 2023",0,0,0,2023,4,8.27777777777778,107
"PB","CL","34007 _ 1 _ 2023",1,0,0,2023,0,8.27777777777778,107
"PB","CL","34007 _ 1 _ 2023",0,0,0,2023,2,8.27777777777778,107
"PB","CL","34007 _ 1 _ 2024",0,0,0,2024,3,13.5555555555556,113
"PB","CL","34007 _ 1 _ 2024",0,0,0,2024,3,13.5555555555556,113
"PB","CL","34007 _ 1 _ 2024",0,0,1,2024,3,13.5555555555556,113
"PB","CL","34007 _ 1 _ 2024",1,0,0,2024,1,13.5555555555556,113
"PB","CL","34007 _ 1 _ 2024",0,0,0,2024,0,13.5555555555556,113
"PB","CL","34007 _ 1 _ 2024",0,0,0,2024,2,13.5555555555556,113
"PB","CL","34007 _ 1 _ 2024",1,0,1,2024,2,13.5555555555556,113
"PB","CL","34017 _ 1 _ 2023",0,0,0,2023,0,8.83333333333333,110
"PB","CL","34017 _ 1 _ 2023",0,0,0,2023,0,8.83333333333333,110
"PB","CL","34017 _ 1 _ 2023",0,0,0,2023,0,8.83333333333333,110
"PB","CL","34017 _ 1 _ 2023",0,0,0,2023,3,8.83333333333333,110
"PB","CL","34017 _ 1 _ 2023",0,0,0,2023,5,8.83333333333333,110
"PB","CL","34017 _ 1 _ 2023",0,0,0,2023,6,8.83333333333333,110
"PB","CL","34017 _ 1 _ 2023",0,0,0,2023,6,8.83333333333333,110
"PB","CL","34017 _ 1 _ 2024",0,0,0,2024,0,9.83333333333334,88
"PB","CL","34017 _ 1 _ 2024",0,0,0,2024,1,9.83333333333334,88
"PB","CL","34017 _ 1 _ 2024",0,0,0,2024,1,9.83333333333334,88
"PB","CL","34017 _ 1 _ 2024",0,0,0,2024,0,9.83333333333334,88
"PB","CL","34017 _ 1 _ 2024",0,0,0,2024,1,9.83333333333334,88
"PB","CL","34017 _ 1 _ 2024",0,0,0,2024,2,9.83333333333334,88
"PB","CL","34017 _ 1 _ 2024",0,0,0,2024,1,9.83333333333334,88
"PB","CL","408143 _ 1 _ 2023",0,0,0,2023,11,6.38888888888889,94
"PB","CL","408143 _ 1 _ 2023",0,0,0,2023,3,6.38888888888889,94
"PB","CL","408143 _ 1 _ 2023",0,0,0,2023,2,6.38888888888889,94
"PB","CL","408143 _ 1 _ 2023",0,0,0,2023,0,6.38888888888889,94
"PB","CL","408143 _ 1 _ 2023",0,0,0,2023,4,6.38888888888889,94
"PB","CL","408143 _ 1 _ 2023",0,0,0,2023,7,6.38888888888889,94
"PB","CL","408143 _ 1 _ 2023",0,0,0,2023,1,6.38888888888889,94
"PB","CL","408143 _ 1 _ 2024",0,0,0,2024,1,14.6666666666667,129
"PB","CL","408143 _ 1 _ 2024",0,0,0,2024,0,14.6666666666667,129
"PB","CL","408143 _ 1 _ 2024",0,0,0,2024,0,14.6666666666667,129
"PB","CL","408143 _ 1 _ 2024",0,0,0,2024,1,14.6666666666667,129
"PB","CL","408143 _ 1 _ 2024",0,0,0,2024,1,14.6666666666667,129
"PB","CL","408143 _ 1 _ 2024",0,0,0,2024,7,14.6666666666667,129
"PB","CL","408143 _ 1 _ 2024",0,0,0,2024,2,14.6666666666667,129
"PB","CL","408161 _ 1 _ 2023",0,0,0,2023,1,8,95
"PB","CL","408161 _ 1 _ 2023",0,0,0,2023,3,8,95
"PB","CL","408161 _ 1 _ 2023",0,0,0,2023,0,8,95
"PB","CL","408161 _ 1 _ 2023",0,0,0,2023,0,8,95
"PB","CL","408161 _ 1 _ 2023",0,2,0,2023,0,8,95
"PB","CL","408161 _ 1 _ 2023",0,0,1,2023,7,8,95
"PB","CL","408161 _ 1 _ 2023",0,0,0,2023,7,8,95
"PB","CL","408162 _ 1 _ 2023",0,0,0,2023,0,4.88888888888889,102
"PB","CL","408162 _ 1 _ 2023",0,0,2,2023,0,4.88888888888889,102
"PB","CL","408162 _ 1 _ 2023",0,0,0,2023,0,4.88888888888889,102
"PB","CL","408162 _ 1 _ 2023",0,1,0,2023,0,4.88888888888889,102
"PB","CL","408162 _ 1 _ 2023",0,0,0,2023,2,4.88888888888889,102
"PB","CL","408162 _ 1 _ 2023",0,0,0,2023,5,4.88888888888889,102
"PB","CL","408162 _ 1 _ 2023",0,0,0,2023,5,4.88888888888889,102
"PB","CL","408162 _ 1 _ 2024",0,1,0,2024,2,7.77777777777778,115
"PB","CL","408162 _ 1 _ 2024",0,0,0,2024,3,7.77777777777778,115
"PB","CL","408162 _ 1 _ 2024",0,0,0,2024,5,7.77777777777778,115
"PB","CL","408162 _ 1 _ 2024",0,0,0,2024,7,7.77777777777778,115
"PB","CL","408162 _ 1 _ 2024",0,1,0,2024,3,7.77777777777778,115
"PB","CL","408162 _ 1 _ 2024",0,0,0,2024,5,7.77777777777778,115
"PB","CL","408162 _ 1 _ 2024",0,0,0,2024,0,7.77777777777778,115
"PB","CL","408178 _ 1 _ 2023",0,0,0,2023,0,9.5,108
"PB","CL","408178 _ 1 _ 2023",0,0,0,2023,5,9.5,108
"PB","CL","408178 _ 1 _ 2023",0,0,0,2023,5,9.5,108
"PB","CL","408178 _ 1 _ 2023",0,0,0,2023,4,9.5,108
"PB","CL","408178 _ 1 _ 2023",0,0,0,2023,4,9.5,108
"PB","CL","408178 _ 1 _ 2023",0,0,0,2023,5,9.5,108
"PB","CL","408178 _ 1 _ 2023",0,0,0,2023,1,9.5,108
"PB","CL","408178 _ 1 _ 2024",0,0,0,2024,1,10.1666666666667,101
"PB","CL","408178 _ 1 _ 2024",0,0,0,2024,1,10.1666666666667,101
"PB","CL","408178 _ 1 _ 2024",0,0,0,2024,1,10.1666666666667,101
"PB","CL","408178 _ 1 _ 2024",0,0,0,2024,0,10.1666666666667,101
"PB","CL","408178 _ 1 _ 2024",0,0,0,2024,3,10.1666666666667,101
"PB","CL","408178 _ 1 _ 2024",1,0,0,2024,2,10.1666666666667,101
"PB","CL","408178 _ 1 _ 2024",0,0,1,2024,3,10.1666666666667,101
"PB","CL","408178 _ 2 _ 2023",0,0,0,2023,0,5.77777777777778,109
"PB","CL","408178 _ 2 _ 2023",0,0,0,2023,0,5.77777777777778,109
"PB","CL","408178 _ 2 _ 2023",0,0,0,2023,5,5.77777777777778,109
"PB","CL","408178 _ 2 _ 2023",0,0,0,2023,2,5.77777777777778,109
"PB","CL","408178 _ 2 _ 2023",0,0,0,2023,1,5.77777777777778,109
"PB","CL","408178 _ 2 _ 2023",0,0,0,2023,0,5.77777777777778,109
"PB","CL","408178 _ 2 _ 2023",0,0,0,2023,0,5.77777777777778,109
"PB","CL","408178 _ 2 _ 2024",0,0,1,2024,4,15.0555555555556,101
"PB","CL","408178 _ 2 _ 2024",0,0,0,2024,3,15.0555555555556,101
"PB","CL","408178 _ 2 _ 2024",1,0,1,2024,0,15.0555555555556,101
"PB","CL","408178 _ 2 _ 2024",1,0,0,2024,7,15.0555555555556,101
"PB","CL","408178 _ 2 _ 2024",0,0,0,2024,3,15.0555555555556,101
"PB","CL","408178 _ 2 _ 2024",0,0,0,2024,5,15.0555555555556,101
"PB","CL","408178 _ 2 _ 2024",0,0,0,2024,3,15.0555555555556,101
"PB","CL","408180 _ 1 _ 2023",0,0,1,2023,3,3.27777777777778,101
"PB","CL","408180 _ 1 _ 2023",0,0,0,2023,3,3.27777777777778,101
"PB","CL","408180 _ 1 _ 2023",0,0,0,2023,1,3.27777777777778,101
"PB","CL","408180 _ 1 _ 2023",1,0,0,2023,4,3.27777777777778,101
"PB","CL","408180 _ 1 _ 2023",0,0,0,2023,3,3.27777777777778,101
"PB","CL","408180 _ 1 _ 2023",0,0,0,2023,5,3.27777777777778,101
"PB","CL","408180 _ 1 _ 2023",0,0,0,2023,1,3.27777777777778,101
"PB","CL","408180 _ 1 _ 2024",0,0,0,2024,1,13.8333333333333,114
"PB","CL","408180 _ 1 _ 2024",0,0,0,2024,1,13.8333333333333,114
"PB","CL","408180 _ 1 _ 2024",0,0,0,2024,3,13.8333333333333,114
"PB","CL","408180 _ 1 _ 2024",0,0,0,2024,2,13.8333333333333,114
"PB","CL","408180 _ 1 _ 2024",0,0,0,2024,1,13.8333333333333,114
"PB","CL","408180 _ 1 _ 2024",0,0,0,2024,1,13.8333333333333,114
"PB","CL","408180 _ 1 _ 2024",0,0,0,2024,2,13.8333333333333,114
"PB","CL","9757 _ 1 _ 2023",0,0,0,2023,0,4.88888888888889,109
"PB","CL","9757 _ 1 _ 2023",0,0,0,2023,2,4.88888888888889,109
"PB","CL","9757 _ 1 _ 2023",0,0,0,2023,7,4.88888888888889,109
"PB","CL","9757 _ 1 _ 2023",0,0,0,2023,3,4.88888888888889,109
"PB","CL","9757 _ 1 _ 2023",0,1,0,2023,3,4.88888888888889,109
"PB","CL","9757 _ 1 _ 2023",0,0,0,2023,2,4.88888888888889,109
"PB","CL","9757 _ 1 _ 2023",0,0,0,2023,4,4.88888888888889,109
"PB","CL","9757 _ 1 _ 2024",0,0,0,2024,1,17.5555555555556,101
"PB","CL","9757 _ 1 _ 2024",0,0,0,2024,6,17.5555555555556,101
"PB","CL","9757 _ 1 _ 2024",0,0,0,2024,5,17.5555555555556,101
"PB","CL","9757 _ 1 _ 2024",0,0,0,2024,3,17.5555555555556,101
"PB","CL","9757 _ 1 _ 2024",0,0,0,2024,3,17.5555555555556,101
"PB","CL","9757 _ 1 _ 2024",0,0,0,2024,4,17.5555555555556,101
"PB","CL","9757 _ 1 _ 2024",0,0,0,2024,3,17.5555555555556,101
